Route ID,Vehicle ID,Latitude,Longitude,Timestamp
MTA NYCT_Q2,MTA NYCT_8844,40.707815,-73.79529,2025-01-11T07:24:03.568879
MTA NYCT_Q2,MTA NYCT_8530,40.709362,-73.746246,2025-01-11T07:24:03.568879
MTA NYCT_Q2,MTA NYCT_8035,40.706231,-73.75637,2025-01-11T07:24:03.568879
MTA NYCT_Q2,MTA NYCT_8650,40.713262,-73.735749,2025-01-11T07:54:01.552658
MTA NYCT_Q2,MTA NYCT_8035,40.714831,-73.77471,2025-01-11T07:54:01.552658
MTA NYCT_Q2,MTA NYCT_8650,40.713262,-73.735749,2025-01-11T07:54:09.825950
MTA NYCT_Q2,MTA NYCT_8035,40.714831,-73.77471,2025-01-11T07:54:09.825950
MTA NYCT_Q2,MTA NYCT_8641,40.71352,-73.78032,2025-01-11T08:24:06.671370
MTA NYCT_Q2,MTA NYCT_8035,40.711164,-73.739181,2025-01-11T08:24:06.671370
MTA NYCT_Q2,MTA NYCT_8650,40.707815,-73.79529,2025-01-11T08:24:06.671370
MTA NYCT_Q2,MTA NYCT_8641,40.71352,-73.78032,2025-01-11T08:24:14.121758
MTA NYCT_Q2,MTA NYCT_8035,40.711164,-73.739181,2025-01-11T08:24:14.121758
MTA NYCT_Q2,MTA NYCT_8650,40.707815,-73.79529,2025-01-11T08:24:14.121758
MTA NYCT_Q2,MTA NYCT_8650,40.712682,-73.728129,2025-01-11T08:54:11.389978
MTA NYCT_Q2,MTA NYCT_8783,40.71249,-73.732696,2025-01-11T08:54:11.389978
MTA NYCT_Q2,MTA NYCT_8641,40.711012,-73.771965,2025-01-11T08:54:11.389978
MTA NYCT_Q2,MTA NYCT_8035,40.707933,-73.795736,2025-01-11T08:54:11.389978
MTA NYCT_Q2,MTA NYCT_8641,40.710523,-73.771788,2025-01-11T08:54:18.516180
MTA NYCT_Q2,MTA NYCT_8035,40.707933,-73.795736,2025-01-11T08:54:18.516180
MTA NYCT_Q2,MTA NYCT_8035,40.710211,-73.742247,2025-01-11T09:24:15.944318
MTA NYCT_Q2,MTA NYCT_8783,40.707815,-73.79529,2025-01-11T09:24:15.944318
MTA NYCT_Q2,MTA NYCT_8641,40.710194,-73.742327,2025-01-11T09:24:15.944318
MTA NYCT_Q2,MTA NYCT_8650,40.710726,-73.770544,2025-01-11T09:24:15.944318
MTA NYCT_Q2,MTA NYCT_8035,40.710211,-73.742247,2025-01-11T09:24:23.695474
MTA NYCT_Q2,MTA NYCT_8783,40.707815,-73.79529,2025-01-11T09:24:23.695474
MTA NYCT_Q2,MTA NYCT_8641,40.710194,-73.742327,2025-01-11T09:24:23.695474
MTA NYCT_Q2,MTA NYCT_8650,40.710726,-73.770544,2025-01-11T09:24:23.695474
MTA NYCT_Q2,MTA NYCT_8304,40.712131,-73.736384,2025-01-11T09:54:20.470871
MTA NYCT_Q2,MTA NYCT_8641,40.707919,-73.795774,2025-01-11T09:54:20.470871
MTA NYCT_Q2,MTA NYCT_8650,40.714675,-73.77533,2025-01-11T09:54:20.470871
MTA NYCT_Q2,MTA NYCT_8304,40.712131,-73.736384,2025-01-11T09:54:28.677615
MTA NYCT_Q2,MTA NYCT_8641,40.707919,-73.795774,2025-01-11T09:54:28.677615
MTA NYCT_Q2,MTA NYCT_8650,40.714675,-73.77533,2025-01-11T09:54:28.677615
MTA NYCT_Q2,MTA NYCT_8304,40.707779,-73.795267,2025-01-11T10:24:25.593107
MTA NYCT_Q2,MTA NYCT_8479,40.711807,-73.787216,2025-01-11T10:24:25.593107
MTA NYCT_Q2,MTA NYCT_8650,40.712063,-73.73105,2025-01-11T10:24:25.593107
MTA NYCT_Q2,MTA NYCT_8641,40.711165,-73.727609,2025-01-11T10:24:25.593107
MTA NYCT_Q2,MTA NYCT_8304,40.707779,-73.795267,2025-01-11T10:24:33.437973
MTA NYCT_Q2,MTA NYCT_8479,40.711807,-73.787216,2025-01-11T10:24:33.437973
MTA NYCT_Q2,MTA NYCT_8650,40.712063,-73.73105,2025-01-11T10:24:33.437973
MTA NYCT_Q2,MTA NYCT_8641,40.711165,-73.727609,2025-01-11T10:24:33.437973
MTA NYCT_Q2,MTA NYCT_8641,40.710638,-73.770364,2025-01-11T10:54:30.600888
MTA NYCT_Q2,MTA NYCT_8650,40.707815,-73.79529,2025-01-11T10:54:30.600888
MTA NYCT_Q2,MTA NYCT_8479,40.71232,-73.731993,2025-01-11T10:54:30.600888
MTA NYCT_Q2,MTA NYCT_8304,40.712564,-73.732988,2025-01-11T10:54:30.600888
MTA NYCT_Q2,MTA NYCT_8783,40.711662,-73.790374,2025-01-11T10:54:30.600888
MTA NYCT_Q2,MTA NYCT_8641,40.710638,-73.770364,2025-01-11T10:54:38.172044
MTA NYCT_Q2,MTA NYCT_8650,40.707815,-73.79529,2025-01-11T10:54:38.172044
MTA NYCT_Q2,MTA NYCT_8479,40.71232,-73.731993,2025-01-11T10:54:38.172044
MTA NYCT_Q2,MTA NYCT_8304,40.712564,-73.732988,2025-01-11T10:54:38.172044
MTA NYCT_Q2,MTA NYCT_8783,40.711662,-73.790374,2025-01-11T10:54:38.172044
MTA NYCT_Q2,MTA NYCT_8304,40.710673,-73.770435,2025-01-11T11:24:35.852554
MTA NYCT_Q2,MTA NYCT_8650,40.713118,-73.735194,2025-01-11T11:24:35.852554
MTA NYCT_Q2,MTA NYCT_8641,40.714568,-73.775801,2025-01-11T11:24:35.852554
MTA NYCT_Q2,MTA NYCT_8479,40.71053,-73.793437,2025-01-11T11:24:35.852554
MTA NYCT_Q2,MTA NYCT_8304,40.710707,-73.770505,2025-01-11T11:24:42.274049
MTA NYCT_Q2,MTA NYCT_8650,40.713118,-73.735194,2025-01-11T11:24:42.274049
MTA NYCT_Q2,MTA NYCT_8641,40.714365,-73.774074,2025-01-11T11:24:42.274049
MTA NYCT_Q2,MTA NYCT_8479,40.71034,-73.793903,2025-01-11T11:24:42.274049
MTA NYCT_Q2,MTA NYCT_8650,40.71069,-73.77047,2025-01-11T11:54:41.468696
MTA NYCT_Q2,MTA NYCT_8303,40.710694,-73.740634,2025-01-11T11:54:41.468696
MTA NYCT_Q2,MTA NYCT_8479,40.706351,-73.759125,2025-01-11T11:54:41.468696
MTA NYCT_Q2,MTA NYCT_8783,40.707779,-73.795267,2025-01-11T11:54:41.468696
MTA NYCT_Q2,MTA NYCT_8304,40.713786,-73.779203,2025-01-11T11:54:41.468696
MTA NYCT_Q2,MTA NYCT_8650,40.71069,-73.77047,2025-01-11T11:54:48.418834
MTA NYCT_Q2,MTA NYCT_8303,40.710694,-73.740634,2025-01-11T11:54:48.418834
MTA NYCT_Q2,MTA NYCT_8479,40.706351,-73.759125,2025-01-11T11:54:48.418834
MTA NYCT_Q2,MTA NYCT_8783,40.707779,-73.795267,2025-01-11T11:54:48.418834
MTA NYCT_Q2,MTA NYCT_8304,40.713786,-73.779203,2025-01-11T11:54:48.418834
MTA NYCT_Q2,MTA NYCT_8303,40.707671,-73.795196,2025-01-11T12:24:46.826742
MTA NYCT_Q2,MTA NYCT_8645,40.706341,-73.759067,2025-01-11T12:24:46.826742
MTA NYCT_Q2,MTA NYCT_8650,40.713605,-73.779964,2025-01-11T12:24:46.826742
MTA NYCT_Q2,MTA NYCT_8304,40.711774,-73.729956,2025-01-11T12:24:46.826742
MTA NYCT_Q2,MTA NYCT_8019,40.713635,-73.779841,2025-01-11T12:24:46.826742
MTA NYCT_Q2,MTA NYCT_8303,40.707671,-73.795196,2025-01-11T12:24:54.137654
MTA NYCT_Q2,MTA NYCT_8645,40.706341,-73.759067,2025-01-11T12:24:54.137654
MTA NYCT_Q2,MTA NYCT_8650,40.713605,-73.779964,2025-01-11T12:24:54.137654
MTA NYCT_Q2,MTA NYCT_8304,40.711774,-73.729956,2025-01-11T12:24:54.137654
MTA NYCT_Q2,MTA NYCT_8019,40.713635,-73.779841,2025-01-11T12:24:54.137654
MTA NYCT_Q2,MTA NYCT_8079,40.712955,-73.727628,2025-01-11T12:54:51.063133
MTA NYCT_Q2,MTA NYCT_8304,40.707707,-73.79522,2025-01-11T12:54:51.063133
MTA NYCT_Q2,MTA NYCT_8019,40.710653,-73.771837,2025-01-11T12:54:51.063133
MTA NYCT_Q2,MTA NYCT_8303,40.709074,-73.746918,2025-01-11T12:54:51.063133
MTA NYCT_Q2,MTA NYCT_8641,40.70887,-73.766257,2025-01-11T12:54:51.063133
MTA NYCT_Q2,MTA NYCT_8645,40.707835,-73.796002,2025-01-11T12:54:51.063133
MTA NYCT_Q2,MTA NYCT_8081,40.711299,-73.727262,2025-01-11T12:54:51.063133
MTA NYCT_Q2,MTA NYCT_8079,40.712955,-73.727628,2025-01-11T12:54:59.945328
MTA NYCT_Q2,MTA NYCT_8641,40.709538,-73.767635,2025-01-11T12:54:59.945328
MTA NYCT_Q2,MTA NYCT_8304,40.707707,-73.79522,2025-01-11T12:54:59.945328
MTA NYCT_Q2,MTA NYCT_8081,40.71156,-73.729219,2025-01-11T12:54:59.945328
MTA NYCT_Q2,MTA NYCT_8019,40.710653,-73.771837,2025-01-11T12:54:59.945328
MTA NYCT_Q2,MTA NYCT_8303,40.709074,-73.746918,2025-01-11T12:54:59.945328
MTA NYCT_Q2,MTA NYCT_8645,40.707835,-73.796002,2025-01-11T12:54:59.945328
MTA NYCT_Q2,MTA NYCT_8079,40.708287,-73.79558,2025-01-11T13:24:55.975069
MTA NYCT_Q2,MTA NYCT_8304,40.706845,-73.763055,2025-01-11T13:24:55.975069
MTA NYCT_Q2,MTA NYCT_8303,40.707412,-73.750758,2025-01-11T13:24:55.975069
MTA NYCT_Q2,MTA NYCT_8641,40.712308,-73.785191,2025-01-11T13:24:55.975069
MTA NYCT_Q2,MTA NYCT_8019,40.712916,-73.727612,2025-01-11T13:24:55.975069
MTA NYCT_Q2,MTA NYCT_8304,40.706708,-73.762323,2025-01-11T13:25:07.111711
MTA NYCT_Q2,MTA NYCT_8079,40.708287,-73.79558,2025-01-11T13:25:07.111711
MTA NYCT_Q2,MTA NYCT_8303,40.707412,-73.750758,2025-01-11T13:25:07.111711
MTA NYCT_Q2,MTA NYCT_8641,40.712308,-73.785191,2025-01-11T13:25:07.111711
MTA NYCT_Q2,MTA NYCT_8019,40.712916,-73.727612,2025-01-11T13:25:07.111711
MTA NYCT_Q2,MTA NYCT_8081,40.707392,-73.750861,2025-01-11T13:55:01.520460
MTA NYCT_Q2,MTA NYCT_8303,40.707743,-73.795243,2025-01-11T13:55:01.520460
MTA NYCT_Q2,MTA NYCT_8019,40.712477,-73.784488,2025-01-11T13:55:01.520460
MTA NYCT_Q2,MTA NYCT_8645,40.709548,-73.767719,2025-01-11T13:55:01.520460
MTA NYCT_Q2,MTA NYCT_8477,40.71115,-73.727341,2025-01-11T13:55:01.520460
MTA NYCT_Q2,MTA NYCT_8081,40.707392,-73.750861,2025-01-11T13:55:15.128704
MTA NYCT_Q2,MTA NYCT_8303,40.707743,-73.795243,2025-01-11T13:55:15.128704
MTA NYCT_Q2,MTA NYCT_8019,40.712188,-73.78567,2025-01-11T13:55:15.128704
MTA NYCT_Q2,MTA NYCT_8645,40.709577,-73.768352,2025-01-11T13:55:15.128704
MTA NYCT_Q2,MTA NYCT_8477,40.71115,-73.727341,2025-01-11T13:55:15.128704
MTA NYCT_Q2,MTA NYCT_8645,40.712555,-73.784137,2025-01-11T14:25:10.093901
MTA NYCT_Q2,MTA NYCT_8477,40.707707,-73.79522,2025-01-11T14:25:10.093901
MTA NYCT_Q2,MTA NYCT_8019,40.706699,-73.762274,2025-01-11T14:25:10.093901
MTA NYCT_Q2,MTA NYCT_8303,40.713246,-73.735804,2025-01-11T14:25:10.093901
MTA NYCT_Q2,MTA NYCT_8641,40.711126,-73.791891,2025-01-11T14:25:10.093901
MTA NYCT_Q2,MTA NYCT_8081,40.70997,-73.743407,2025-01-11T14:25:10.093901
MTA NYCT_Q2,MTA NYCT_8079,40.71294,-73.7345,2025-01-11T14:25:10.093901
MTA NYCT_Q2,MTA NYCT_8081,40.709628,-73.74502,2025-01-11T14:25:20.471593
MTA NYCT_Q2,MTA NYCT_8019,40.706699,-73.762274,2025-01-11T14:25:20.471593
MTA NYCT_Q2,MTA NYCT_8477,40.707815,-73.79529,2025-01-11T14:25:20.471593
MTA NYCT_Q2,MTA NYCT_8079,40.713249,-73.735699,2025-01-11T14:25:20.471593
MTA NYCT_Q2,MTA NYCT_8641,40.711108,-73.79194,2025-01-11T14:25:20.471593
MTA NYCT_Q2,MTA NYCT_8645,40.712711,-73.783454,2025-01-11T14:25:20.471593
MTA NYCT_Q2,MTA NYCT_8303,40.707257,-73.764521,2025-01-11T14:55:14.862594
MTA NYCT_Q2,MTA NYCT_8477,40.710687,-73.740659,2025-01-11T14:55:14.862594
MTA NYCT_Q2,MTA NYCT_8079,40.707779,-73.795267,2025-01-11T14:55:14.862594
MTA NYCT_Q2,MTA NYCT_8660,40.713223,-73.735599,2025-01-11T14:55:14.862594
MTA NYCT_Q2,MTA NYCT_8641,40.71314,-73.781877,2025-01-11T14:55:14.862594
MTA NYCT_Q2,MTA NYCT_8645,40.713138,-73.728312,2025-01-11T14:55:14.862594
MTA NYCT_Q2,MTA NYCT_8081,40.707933,-73.795736,2025-01-11T14:55:14.862594
MTA NYCT_Q2,MTA NYCT_8645,40.713138,-73.728312,2025-01-11T14:55:25.824350
MTA NYCT_Q2,MTA NYCT_8477,40.711046,-73.73959,2025-01-11T14:55:25.824350
MTA NYCT_Q2,MTA NYCT_8079,40.707779,-73.795267,2025-01-11T14:55:25.824350
MTA NYCT_Q2,MTA NYCT_8660,40.713223,-73.735599,2025-01-11T14:55:25.824350
MTA NYCT_Q2,MTA NYCT_8303,40.708056,-73.765406,2025-01-11T14:55:25.824350
MTA NYCT_Q2,MTA NYCT_8641,40.713775,-73.779247,2025-01-11T14:55:25.824350
MTA NYCT_Q2,MTA NYCT_8081,40.707933,-73.795736,2025-01-11T14:55:25.824350
MTA NYCT_Q2,MTA NYCT_8079,40.707826,-73.749621,2025-01-11T15:25:19.865933
MTA NYCT_Q2,MTA NYCT_8081,40.713086,-73.728291,2025-01-11T15:25:19.865933
MTA NYCT_Q2,MTA NYCT_8645,40.71093,-73.792434,2025-01-11T15:25:19.865933
MTA NYCT_Q2,MTA NYCT_8477,40.707388,-73.750877,2025-01-11T15:25:19.865933
MTA NYCT_Q2,MTA NYCT_8303,40.709919,-73.794987,2025-01-11T15:25:19.865933
MTA NYCT_Q2,MTA NYCT_8660,40.707933,-73.795736,2025-01-11T15:25:19.865933
MTA NYCT_Q2,MTA NYCT_8079,40.707826,-73.749621,2025-01-11T15:25:31.125455
MTA NYCT_Q2,MTA NYCT_8081,40.713086,-73.728291,2025-01-11T15:25:31.125455
MTA NYCT_Q2,MTA NYCT_8477,40.706912,-73.753111,2025-01-11T15:25:31.125455
MTA NYCT_Q2,MTA NYCT_8645,40.71093,-73.792434,2025-01-11T15:25:31.125455
MTA NYCT_Q2,MTA NYCT_8303,40.709919,-73.794987,2025-01-11T15:25:31.125455
MTA NYCT_Q2,MTA NYCT_8660,40.707933,-73.795736,2025-01-11T15:25:31.125455
MTA NYCT_Q2,MTA NYCT_8660,40.709421,-73.745989,2025-01-11T15:55:25.430267
MTA NYCT_Q2,MTA NYCT_8027,40.707234,-73.751609,2025-01-11T15:55:25.430267
MTA NYCT_Q2,MTA NYCT_8641,40.707851,-73.795314,2025-01-11T15:55:25.430267
MTA NYCT_Q2,MTA NYCT_8645,40.710653,-73.771837,2025-01-11T15:55:25.430267
MTA NYCT_Q2,MTA NYCT_8081,40.706162,-73.757504,2025-01-11T15:55:25.430267
MTA NYCT_Q2,MTA NYCT_8477,40.707765,-73.796191,2025-01-11T15:55:25.430267
MTA NYCT_Q2,MTA NYCT_8303,40.710665,-73.727383,2025-01-11T15:55:25.430267
MTA NYCT_Q2,MTA NYCT_8027,40.706852,-73.753383,2025-01-11T15:55:36.964149
MTA NYCT_Q2,MTA NYCT_8641,40.707851,-73.795314,2025-01-11T15:55:36.964149
MTA NYCT_Q2,MTA NYCT_8660,40.709897,-73.743747,2025-01-11T15:55:36.964149
MTA NYCT_Q2,MTA NYCT_8081,40.706162,-73.757504,2025-01-11T15:55:36.964149
MTA NYCT_Q2,MTA NYCT_8645,40.710137,-73.770873,2025-01-11T15:55:36.964149
MTA NYCT_Q2,MTA NYCT_8477,40.707765,-73.796191,2025-01-11T15:55:36.964149
MTA NYCT_Q2,MTA NYCT_8303,40.710665,-73.727383,2025-01-11T15:55:36.964149
MTA NYCT_Q2,MTA NYCT_8027,40.707815,-73.79529,2025-01-11T16:25:30.267710
MTA NYCT_Q2,MTA NYCT_8015,40.711523,-73.729124,2025-01-11T16:25:30.267710
MTA NYCT_Q2,MTA NYCT_8081,40.711372,-73.791201,2025-01-11T16:25:30.267710
MTA NYCT_Q2,MTA NYCT_8641,40.707654,-73.750019,2025-01-11T16:25:30.267710
MTA NYCT_Q2,MTA NYCT_8477,40.711675,-73.729582,2025-01-11T16:25:30.267710
MTA NYCT_Q2,MTA NYCT_8320,40.713891,-73.778738,2025-01-11T16:25:30.267710
MTA NYCT_Q2,MTA NYCT_8660,40.706534,-73.760754,2025-01-11T16:25:30.267710
MTA NYCT_Q2,MTA NYCT_8641,40.708434,-73.748139,2025-01-11T16:25:43.500258
MTA NYCT_Q2,MTA NYCT_8027,40.707815,-73.79529,2025-01-11T16:25:43.500258
MTA NYCT_Q2,MTA NYCT_8015,40.711523,-73.729124,2025-01-11T16:25:43.500258
MTA NYCT_Q2,MTA NYCT_8477,40.711662,-73.729529,2025-01-11T16:25:43.500258
MTA NYCT_Q2,MTA NYCT_8320,40.713891,-73.778738,2025-01-11T16:25:43.500258
MTA NYCT_Q2,MTA NYCT_8660,40.70679,-73.762776,2025-01-11T16:25:43.500258
MTA NYCT_Q2,MTA NYCT_8081,40.711684,-73.79031,2025-01-11T16:25:43.500258
MTA NYCT_Q2,MTA NYCT_8477,40.71382,-73.772675,2025-01-11T16:55:35.358887
MTA NYCT_Q2,MTA NYCT_8501,40.712955,-73.727628,2025-01-11T16:55:35.358887
MTA NYCT_Q2,MTA NYCT_8027,40.7102,-73.742301,2025-01-11T16:55:35.358887
MTA NYCT_Q2,MTA NYCT_8030,40.713262,-73.735749,2025-01-11T16:55:35.358887
MTA NYCT_Q2,MTA NYCT_8660,40.708574,-73.796877,2025-01-11T16:55:35.358887
MTA NYCT_Q2,MTA NYCT_8015,40.709616,-73.796017,2025-01-11T16:55:35.358887
MTA NYCT_Q2,MTA NYCT_8320,40.714637,-73.775502,2025-01-11T16:55:35.358887
MTA NYCT_Q2,MTA NYCT_8477,40.71382,-73.772675,2025-01-11T16:55:48.261672
MTA NYCT_Q2,MTA NYCT_8027,40.710717,-73.740556,2025-01-11T16:55:48.261672
MTA NYCT_Q2,MTA NYCT_8501,40.712955,-73.727628,2025-01-11T16:55:48.261672
MTA NYCT_Q2,MTA NYCT_8660,40.709093,-73.797203,2025-01-11T16:55:48.261672
MTA NYCT_Q2,MTA NYCT_8030,40.713262,-73.735749,2025-01-11T16:55:48.261672
MTA NYCT_Q2,MTA NYCT_8015,40.709116,-73.796106,2025-01-11T16:55:48.261672
MTA NYCT_Q2,MTA NYCT_8320,40.714637,-73.775502,2025-01-11T16:55:48.261672
MTA NYCT_Q2,MTA NYCT_8027,40.707224,-73.751655,2025-01-11T17:25:40.440857
MTA NYCT_Q2,MTA NYCT_8501,40.712614,-73.783869,2025-01-11T17:25:40.440857
MTA NYCT_Q2,MTA NYCT_8660,40.71156,-73.729223,2025-01-11T17:25:40.440857
MTA NYCT_Q2,MTA NYCT_8015,40.706392,-73.759365,2025-01-11T17:25:40.440857
MTA NYCT_Q2,MTA NYCT_8477,40.711775,-73.787546,2025-01-11T17:25:40.440857
MTA NYCT_Q2,MTA NYCT_8030,40.707933,-73.795736,2025-01-11T17:25:40.440857
MTA NYCT_Q2,MTA NYCT_8660,40.71156,-73.729223,2025-01-11T17:25:53.373329
MTA NYCT_Q2,MTA NYCT_8015,40.706392,-73.759365,2025-01-11T17:25:53.373329
MTA NYCT_Q2,MTA NYCT_8477,40.711775,-73.787546,2025-01-11T17:25:53.373329
MTA NYCT_Q2,MTA NYCT_8501,40.712489,-73.784436,2025-01-11T17:25:53.373329
MTA NYCT_Q2,MTA NYCT_8027,40.706822,-73.75352,2025-01-11T17:25:53.373329
MTA NYCT_Q2,MTA NYCT_8030,40.707933,-73.795736,2025-01-11T17:25:53.373329
MTA NYCT_Q2,MTA NYCT_8660,40.714708,-73.775193,2025-01-11T17:55:45.671026
MTA NYCT_Q2,MTA NYCT_8030,40.709693,-73.744708,2025-01-11T17:55:45.671026
MTA NYCT_Q2,MTA NYCT_8015,40.70791,-73.749426,2025-01-11T17:55:45.671026
MTA NYCT_Q2,MTA NYCT_8501,40.70969,-73.768576,2025-01-11T17:55:45.671026
MTA NYCT_Q2,MTA NYCT_8027,40.708004,-73.796496,2025-01-11T17:55:45.671026
MTA NYCT_Q2,MTA NYCT_8320,40.709603,-73.796067,2025-01-11T17:55:45.671026
MTA NYCT_Q2,MTA NYCT_8660,40.714708,-73.775193,2025-01-11T17:56:00.209622
MTA NYCT_Q2,MTA NYCT_8030,40.710642,-73.740813,2025-01-11T17:56:00.209622
MTA NYCT_Q2,MTA NYCT_8015,40.70791,-73.749426,2025-01-11T17:56:00.209622
MTA NYCT_Q2,MTA NYCT_8501,40.709522,-73.768198,2025-01-11T17:56:00.209622
MTA NYCT_Q2,MTA NYCT_8027,40.708004,-73.796496,2025-01-11T17:56:00.209622
MTA NYCT_Q2,MTA NYCT_8320,40.709603,-73.796067,2025-01-11T17:56:00.209622
MTA NYCT_Q2,MTA NYCT_8030,40.710708,-73.740585,2025-01-11T18:25:50.663293
MTA NYCT_Q2,MTA NYCT_8660,40.711861,-73.786993,2025-01-11T18:25:50.663293
MTA NYCT_Q2,MTA NYCT_8027,40.711675,-73.729582,2025-01-11T18:25:50.663293
MTA NYCT_Q2,MTA NYCT_8828,40.711929,-73.786713,2025-01-11T18:25:50.663293
MTA NYCT_Q2,MTA NYCT_8501,40.713138,-73.728312,2025-01-11T18:25:50.663293
MTA NYCT_Q2,MTA NYCT_8015,40.707671,-73.795196,2025-01-11T18:25:50.663293
MTA NYCT_Q2,MTA NYCT_8320,40.707807,-73.749665,2025-01-11T18:25:50.663293
MTA NYCT_Q2,MTA NYCT_8320,40.707807,-73.749665,2025-01-11T18:26:06.005243
MTA NYCT_Q2,MTA NYCT_8660,40.711861,-73.786993,2025-01-11T18:26:06.005243
MTA NYCT_Q2,MTA NYCT_8030,40.709991,-73.743306,2025-01-11T18:26:06.005243
MTA NYCT_Q2,MTA NYCT_8501,40.712369,-73.727326,2025-01-11T18:26:06.005243
MTA NYCT_Q2,MTA NYCT_8015,40.707671,-73.795196,2025-01-11T18:26:06.005243
MTA NYCT_Q2,MTA NYCT_8828,40.711818,-73.789905,2025-01-11T18:26:06.005243
MTA NYCT_Q2,MTA NYCT_8027,40.711427,-73.728875,2025-01-11T18:26:06.005243
MTA NYCT_Q2,MTA NYCT_8660,40.713138,-73.728312,2025-01-11T18:55:55.323524
MTA NYCT_Q2,MTA NYCT_8015,40.709826,-73.744067,2025-01-11T18:55:55.323524
MTA NYCT_Q2,MTA NYCT_8030,40.707851,-73.795314,2025-01-11T18:55:55.323524
MTA NYCT_Q2,MTA NYCT_8828,40.709913,-73.769537,2025-01-11T18:55:55.323524
MTA NYCT_Q2,MTA NYCT_8320,40.707108,-73.75217,2025-01-11T18:55:55.323524
MTA NYCT_Q2,MTA NYCT_8501,40.707835,-73.796002,2025-01-11T18:55:55.323524
MTA NYCT_Q2,MTA NYCT_8027,40.714538,-73.775918,2025-01-11T18:55:55.323524
MTA NYCT_Q2,MTA NYCT_8015,40.709826,-73.744067,2025-01-11T18:56:11.644158
MTA NYCT_Q2,MTA NYCT_8030,40.707851,-73.795314,2025-01-11T18:56:11.644158
MTA NYCT_Q2,MTA NYCT_8660,40.713138,-73.728312,2025-01-11T18:56:11.644158
MTA NYCT_Q2,MTA NYCT_8828,40.709562,-73.768325,2025-01-11T18:56:11.644158
MTA NYCT_Q2,MTA NYCT_8320,40.706808,-73.753585,2025-01-11T18:56:11.644158
MTA NYCT_Q2,MTA NYCT_8501,40.707835,-73.796002,2025-01-11T18:56:11.644158
MTA NYCT_Q2,MTA NYCT_8027,40.714538,-73.775918,2025-01-11T18:56:11.644158
MTA NYCT_Q2,MTA NYCT_8501,40.707431,-73.764764,2025-01-11T19:26:00.499489
MTA NYCT_Q2,MTA NYCT_8320,40.707815,-73.79529,2025-01-11T19:26:00.499489
MTA NYCT_Q2,MTA NYCT_8015,40.706192,-73.758153,2025-01-11T19:26:00.499489
MTA NYCT_Q2,MTA NYCT_8828,40.712847,-73.736011,2025-01-11T19:26:00.499489
MTA NYCT_Q2,MTA NYCT_8660,40.709576,-73.796167,2025-01-11T19:26:00.499489
MTA NYCT_Q2,MTA NYCT_8027,40.712645,-73.783727,2025-01-11T19:26:00.499489
MTA NYCT_Q2,MTA NYCT_8015,40.706355,-73.759151,2025-01-11T19:26:15.732190
MTA NYCT_Q2,MTA NYCT_8320,40.707815,-73.79529,2025-01-11T19:26:15.732190
MTA NYCT_Q2,MTA NYCT_8828,40.712847,-73.736011,2025-01-11T19:26:15.732190
MTA NYCT_Q2,MTA NYCT_8660,40.708507,-73.795707,2025-01-11T19:26:15.732190
MTA NYCT_Q2,MTA NYCT_8501,40.707027,-73.76398,2025-01-11T19:26:15.732190
MTA NYCT_Q2,MTA NYCT_8027,40.712645,-73.783727,2025-01-11T19:26:15.732190
MTA NYCT_Q2,MTA NYCT_8015,40.714535,-73.775928,2025-01-11T19:56:06.537234
MTA NYCT_Q2,MTA NYCT_8501,40.712059,-73.736424,2025-01-11T19:56:06.537234
MTA NYCT_Q2,MTA NYCT_8828,40.707815,-73.79529,2025-01-11T19:56:06.537234
MTA NYCT_Q2,MTA NYCT_8030,40.712307,-73.771689,2025-01-11T19:56:06.537234
MTA NYCT_Q2,MTA NYCT_8320,40.712564,-73.732988,2025-01-11T19:56:06.537234
MTA NYCT_Q2,MTA NYCT_8015,40.714535,-73.775928,2025-01-11T19:56:20.594156
MTA NYCT_Q2,MTA NYCT_8828,40.707815,-73.79529,2025-01-11T19:56:20.594156
MTA NYCT_Q2,MTA NYCT_8030,40.712307,-73.771689,2025-01-11T19:56:20.594156
MTA NYCT_Q2,MTA NYCT_8501,40.711337,-73.738611,2025-01-11T19:56:20.594156
MTA NYCT_Q2,MTA NYCT_8320,40.712564,-73.732988,2025-01-11T19:56:20.594156
MTA NYCT_Q2,MTA NYCT_8501,40.707707,-73.79522,2025-01-11T20:26:12.377221
MTA NYCT_Q2,MTA NYCT_8035,40.709642,-73.744958,2025-01-11T20:26:12.377221
MTA NYCT_Q2,MTA NYCT_8828,40.712682,-73.728129,2025-01-11T20:26:12.377221
MTA NYCT_Q2,MTA NYCT_8766,40.709916,-73.743657,2025-01-11T20:26:12.377221
MTA NYCT_Q2,MTA NYCT_8030,40.714619,-73.775588,2025-01-11T20:26:12.377221
MTA NYCT_Q2,MTA NYCT_8501,40.707707,-73.79522,2025-01-11T20:26:24.828282
MTA NYCT_Q2,MTA NYCT_8035,40.709642,-73.744958,2025-01-11T20:26:24.828282
MTA NYCT_Q2,MTA NYCT_8766,40.709085,-73.746897,2025-01-11T20:26:24.828282
MTA NYCT_Q2,MTA NYCT_8828,40.712682,-73.728129,2025-01-11T20:26:24.828282
MTA NYCT_Q2,MTA NYCT_8030,40.714619,-73.775588,2025-01-11T20:26:24.828282
MTA NYCT_Q2,MTA NYCT_8766,40.707779,-73.795267,2025-01-11T20:56:17.716590
MTA NYCT_Q2,MTA NYCT_8828,40.712729,-73.783386,2025-01-11T20:56:17.716590
MTA NYCT_Q2,MTA NYCT_8035,40.713418,-73.780739,2025-01-11T20:56:17.716590
MTA NYCT_Q2,MTA NYCT_8330,40.712834,-73.736018,2025-01-11T20:56:17.716590
MTA NYCT_Q2,MTA NYCT_8501,40.710238,-73.742127,2025-01-11T20:56:17.716590
MTA NYCT_Q2,MTA NYCT_8766,40.707779,-73.795267,2025-01-11T20:56:29.567857
MTA NYCT_Q2,MTA NYCT_8828,40.71269,-73.783529,2025-01-11T20:56:29.567857
MTA NYCT_Q2,MTA NYCT_8035,40.71344,-73.780648,2025-01-11T20:56:29.567857
MTA NYCT_Q2,MTA NYCT_8501,40.710734,-73.740495,2025-01-11T20:56:29.567857
MTA NYCT_Q2,MTA NYCT_8330,40.712834,-73.736018,2025-01-11T20:56:29.567857
MTA NYCT_Q2,MTA NYCT_8035,40.712955,-73.727628,2025-01-11T21:26:22.848036
MTA NYCT_Q2,MTA NYCT_8828,40.710523,-73.771788,2025-01-11T21:26:22.848036
MTA NYCT_Q2,MTA NYCT_8330,40.707815,-73.79529,2025-01-11T21:26:22.848036
MTA NYCT_Q2,MTA NYCT_8501,40.712703,-73.783481,2025-01-11T21:26:22.848036
MTA NYCT_Q2,MTA NYCT_8766,40.712427,-73.73623,2025-01-11T21:26:22.848036
MTA NYCT_Q2,MTA NYCT_8035,40.712955,-73.727628,2025-01-11T21:26:34.329813
MTA NYCT_Q2,MTA NYCT_8828,40.710556,-73.771801,2025-01-11T21:26:34.329813
MTA NYCT_Q2,MTA NYCT_8330,40.707815,-73.79529,2025-01-11T21:26:34.329813
MTA NYCT_Q2,MTA NYCT_8766,40.712427,-73.73623,2025-01-11T21:26:34.329813
MTA NYCT_Q2,MTA NYCT_8501,40.712586,-73.783995,2025-01-11T21:26:34.329813
MTA NYCT_Q2,MTA NYCT_8828,40.712624,-73.733232,2025-01-11T21:56:28.574699
MTA NYCT_Q2,MTA NYCT_8766,40.713635,-73.779841,2025-01-11T21:56:28.574699
MTA NYCT_Q2,MTA NYCT_8035,40.708654,-73.795791,2025-01-11T21:56:28.574699
MTA NYCT_Q2,MTA NYCT_8330,40.712003,-73.730822,2025-01-11T21:56:28.574699
MTA NYCT_Q2,MTA NYCT_8501,40.714696,-73.775245,2025-01-11T21:56:28.574699
MTA NYCT_Q2,MTA NYCT_8828,40.712624,-73.733232,2025-01-11T21:56:38.710340
MTA NYCT_Q2,MTA NYCT_8035,40.707743,-73.795243,2025-01-11T21:56:38.710340
MTA NYCT_Q2,MTA NYCT_8766,40.713635,-73.779841,2025-01-11T21:56:38.710340
MTA NYCT_Q2,MTA NYCT_8330,40.711938,-73.730577,2025-01-11T21:56:38.710340
MTA NYCT_Q2,MTA NYCT_8501,40.714457,-73.774133,2025-01-11T21:56:38.710340
MTA NYCT_Q2,MTA NYCT_8035,40.713086,-73.728291,2025-01-11T22:26:32.740430
MTA NYCT_Q2,MTA NYCT_8766,40.710653,-73.771837,2025-01-11T22:26:32.740430
MTA NYCT_Q2,MTA NYCT_8330,40.70734,-73.764642,2025-01-11T22:26:32.740430
MTA NYCT_Q2,MTA NYCT_8828,40.707933,-73.795736,2025-01-11T22:26:32.740430
MTA NYCT_Q2,MTA NYCT_8766,40.710653,-73.771837,2025-01-11T22:26:42.497030
MTA NYCT_Q2,MTA NYCT_8330,40.70734,-73.764642,2025-01-11T22:26:42.497030
MTA NYCT_Q2,MTA NYCT_8035,40.713138,-73.728312,2025-01-11T22:26:42.497030
MTA NYCT_Q2,MTA NYCT_8828,40.707933,-73.795736,2025-01-11T22:26:42.497030
MTA NYCT_Q2,MTA NYCT_8418,40.706454,-73.759751,2025-01-12T08:17:35.440777
MTA NYCT_Q2,MTA NYCT_8405,40.708926,-73.766331,2025-01-12T08:17:35.440777
MTA NYCT_Q2,MTA NYCT_8532,40.713635,-73.779841,2025-01-12T08:47:39.913591
MTA NYCT_Q2,MTA NYCT_8405,40.709366,-73.767187,2025-01-12T08:47:39.913591
MTA NYCT_Q2,MTA NYCT_8405,40.713138,-73.728312,2025-01-12T09:17:44.224344
MTA NYCT_Q2,MTA NYCT_8532,40.706285,-73.756061,2025-01-12T09:17:44.224344
MTA NYCT_Q2,MTA NYCT_8418,40.714731,-73.775105,2025-01-12T09:17:44.224344
MTA NYCT_Q2,MTA NYCT_8532,40.707234,-73.751609,2025-01-12T09:47:48.568385
MTA NYCT_Q2,MTA NYCT_8418,40.706255,-73.756232,2025-01-12T09:47:48.568385
MTA NYCT_Q2,MTA NYCT_8405,40.710124,-73.794409,2025-01-12T09:47:48.568385
MTA NYCT_Q2,MTA NYCT_8405,40.710121,-73.742676,2025-01-12T10:17:53.239186
MTA NYCT_Q2,MTA NYCT_8532,40.710444,-73.793647,2025-01-12T10:17:53.239186
MTA NYCT_Q2,MTA NYCT_8311,40.710745,-73.770583,2025-01-12T10:17:53.239186
MTA NYCT_Q2,MTA NYCT_8418,40.713138,-73.728312,2025-01-12T10:17:53.239186
MTA NYCT_Q2,MTA NYCT_8532,40.713086,-73.728291,2025-01-12T10:47:58.784825
MTA NYCT_Q2,MTA NYCT_8418,40.711867,-73.789753,2025-01-12T10:47:58.784825
MTA NYCT_Q2,MTA NYCT_8405,40.70737,-73.750969,2025-01-12T10:47:58.784825
MTA NYCT_Q2,MTA NYCT_8311,40.711435,-73.772125,2025-01-12T10:47:58.784825
MTA NYCT_Q2,MTA NYCT_8311,40.713138,-73.728312,2025-01-12T11:18:05.230683
MTA NYCT_Q2,MTA NYCT_8405,40.710629,-73.793208,2025-01-12T11:18:05.230683
MTA NYCT_Q2,MTA NYCT_8418,40.711806,-73.737086,2025-01-12T11:18:05.230683
MTA NYCT_Q2,MTA NYCT_8532,40.706534,-73.760754,2025-01-12T11:18:05.230683
MTA NYCT_Q2,MTA NYCT_8297,40.708045,-73.749098,2025-01-12T11:48:10.035627
MTA NYCT_Q2,MTA NYCT_8532,40.709726,-73.768655,2025-01-12T11:48:10.035627
MTA NYCT_Q2,MTA NYCT_8311,40.710454,-73.793623,2025-01-12T11:48:10.035627
MTA NYCT_Q2,MTA NYCT_8311,40.706351,-73.759125,2025-01-12T12:18:15.689870
MTA NYCT_Q2,MTA NYCT_8782,40.709524,-73.767586,2025-01-12T12:18:15.689870
MTA NYCT_Q2,MTA NYCT_8297,40.707851,-73.795314,2025-01-12T12:18:15.689870
MTA NYCT_Q2,MTA NYCT_8311,40.712207,-73.736344,2025-01-12T12:48:22.689531
MTA NYCT_Q2,MTA NYCT_8782,40.710686,-73.771848,2025-01-12T12:48:22.689531
MTA NYCT_Q2,MTA NYCT_8297,40.713089,-73.735887,2025-01-12T12:48:22.689531
MTA NYCT_Q2,MTA NYCT_8613,40.710321,-73.793949,2025-01-12T12:48:22.689531
MTA NYCT_Q2,MTA NYCT_8297,40.709768,-73.768759,2025-01-12T13:18:29.088742
MTA NYCT_Q2,MTA NYCT_8613,40.706973,-73.752776,2025-01-12T13:18:29.088742
MTA NYCT_Q2,MTA NYCT_8311,40.707919,-73.795774,2025-01-12T13:18:29.088742
MTA NYCT_Q2,MTA NYCT_8297,40.710556,-73.771801,2025-01-12T13:48:33.876929
MTA NYCT_Q2,MTA NYCT_8782,40.71363,-73.772553,2025-01-12T13:48:33.876929
MTA NYCT_Q2,MTA NYCT_8613,40.708952,-73.766366,2025-01-12T13:48:33.876929
MTA NYCT_Q2,MTA NYCT_8297,40.713086,-73.728291,2025-01-12T14:18:39.092899
MTA NYCT_Q2,MTA NYCT_8768,40.706463,-73.755157,2025-01-12T14:18:39.093416
MTA NYCT_Q2,MTA NYCT_8782,40.707054,-73.764074,2025-01-12T14:18:39.093416
MTA NYCT_Q2,MTA NYCT_8659,40.714828,-73.773357,2025-01-12T14:18:39.093416
MTA NYCT_Q2,MTA NYCT_8613,40.709337,-73.797027,2025-01-12T14:18:39.093416
MTA NYCT_Q2,MTA NYCT_8782,40.707224,-73.751655,2025-01-12T14:48:43.645864
MTA NYCT_Q2,MTA NYCT_8659,40.712644,-73.772922,2025-01-12T14:48:43.645864
MTA NYCT_Q2,MTA NYCT_8297,40.712755,-73.783291,2025-01-12T14:48:43.645864
MTA NYCT_Q2,MTA NYCT_8613,40.713138,-73.728312,2025-01-12T14:48:43.645864
MTA NYCT_Q2,MTA NYCT_8297,40.707403,-73.764727,2025-01-12T15:18:48.697685
MTA NYCT_Q2,MTA NYCT_8613,40.712678,-73.783577,2025-01-12T15:18:48.697685
MTA NYCT_Q2,MTA NYCT_8768,40.706844,-73.763047,2025-01-12T15:18:48.697685
MTA NYCT_Q2,MTA NYCT_8782,40.71168,-73.790321,2025-01-12T15:18:48.697685
MTA NYCT_Q2,MTA NYCT_8659,40.712916,-73.727612,2025-01-12T15:18:48.697685
MTA NYCT_Q2,MTA NYCT_8015,40.707361,-73.751015,2025-01-12T15:48:53.779509
MTA NYCT_Q2,MTA NYCT_8768,40.711178,-73.791728,2025-01-12T15:48:53.779509
MTA NYCT_Q2,MTA NYCT_8613,40.709175,-73.766765,2025-01-12T15:48:53.779509
MTA NYCT_Q2,MTA NYCT_8659,40.713182,-73.781718,2025-01-12T15:48:53.779509
MTA NYCT_Q2,MTA NYCT_8535,40.7065,-73.760327,2025-01-12T16:18:59.312332
MTA NYCT_Q2,MTA NYCT_8659,40.70963,-73.768447,2025-01-12T16:18:59.312332
MTA NYCT_Q2,MTA NYCT_8015,40.710933,-73.792392,2025-01-12T16:18:59.312332
MTA NYCT_Q2,MTA NYCT_8812,40.709784,-73.795423,2025-01-12T16:18:59.312332
MTA NYCT_Q2,MTA NYCT_8812,40.706715,-73.754032,2025-01-12T16:49:05.345506
MTA NYCT_Q2,MTA NYCT_8423,40.708901,-73.766297,2025-01-12T16:49:05.345506
MTA NYCT_Q2,MTA NYCT_8535,40.709426,-73.796702,2025-01-12T16:49:05.345506
MTA NYCT_Q2,MTA NYCT_8302,40.70791,-73.749425,2025-01-12T17:19:12.820145
MTA NYCT_Q2,MTA NYCT_8423,40.711607,-73.790534,2025-01-12T17:19:12.820145
MTA NYCT_Q2,MTA NYCT_8535,40.713138,-73.728312,2025-01-12T17:19:12.820145
MTA NYCT_Q2,MTA NYCT_8812,40.706217,-73.756551,2025-01-12T17:19:12.820145
MTA NYCT_Q2,MTA NYCT_8015,40.708103,-73.795474,2025-01-12T17:19:12.820145
MTA NYCT_Q2,MTA NYCT_8812,40.710637,-73.79319,2025-01-12T17:49:19.163037
MTA NYCT_Q2,MTA NYCT_8302,40.714764,-73.774972,2025-01-12T17:49:19.163037
MTA NYCT_Q2,MTA NYCT_8015,40.711717,-73.72974,2025-01-12T17:49:19.163576
MTA NYCT_Q2,MTA NYCT_8423,40.712042,-73.730969,2025-01-12T17:49:19.163576
MTA NYCT_Q2,MTA NYCT_8535,40.711777,-73.787508,2025-01-12T17:49:19.163576
MTA NYCT_Q2,MTA NYCT_8423,40.707791,-73.795275,2025-01-12T18:19:24.285033
MTA NYCT_Q2,MTA NYCT_8535,40.706192,-73.756912,2025-01-12T18:19:24.285033
MTA NYCT_Q2,MTA NYCT_8648,40.706785,-73.753689,2025-01-12T18:19:24.285033
MTA NYCT_Q2,MTA NYCT_8302,40.711979,-73.789408,2025-01-12T18:19:24.285033
MTA NYCT_Q2,MTA NYCT_8423,40.709826,-73.744067,2025-01-12T18:49:32.029166
MTA NYCT_Q2,MTA NYCT_8535,40.706517,-73.76055,2025-01-12T18:49:32.029166
MTA NYCT_Q2,MTA NYCT_8648,40.710175,-73.794289,2025-01-12T18:49:32.029166
MTA NYCT_Q2,MTA NYCT_8812,40.70953,-73.796332,2025-01-12T18:49:32.029166
MTA NYCT_Q2,MTA NYCT_8302,40.712336,-73.727285,2025-01-12T18:49:32.029166
MTA NYCT_Q2,MTA NYCT_8302,40.707815,-73.79529,2025-01-12T19:19:37.116826
MTA NYCT_Q2,MTA NYCT_8423,40.709765,-73.768754,2025-01-12T19:19:37.116826
MTA NYCT_Q2,MTA NYCT_8535,40.710175,-73.794289,2025-01-12T19:19:37.116826
MTA NYCT_Q2,MTA NYCT_8812,40.708716,-73.747595,2025-01-12T19:19:37.116826
MTA NYCT_Q2,MTA NYCT_8648,40.707815,-73.79529,2025-01-12T19:49:41.855919
MTA NYCT_Q2,MTA NYCT_8302,40.710888,-73.740045,2025-01-12T19:49:41.855919
MTA NYCT_Q2,MTA NYCT_8823,40.708142,-73.748862,2025-01-12T19:49:41.855919
MTA NYCT_Q2,MTA NYCT_8423,40.711997,-73.786436,2025-01-12T19:49:41.855919
MTA NYCT_Q2,MTA NYCT_8823,40.709101,-73.797208,2025-01-12T20:19:48.154748
MTA NYCT_Q2,MTA NYCT_8648,40.706401,-73.759415,2025-01-12T20:19:48.154748
MTA NYCT_Q2,MTA NYCT_8423,40.712062,-73.731045,2025-01-12T20:19:48.154748
MTA NYCT_Q2,MTA NYCT_8764,40.714488,-73.776111,2025-01-12T20:19:48.154748
MTA NYCT_Q2,MTA NYCT_8823,40.713138,-73.728312,2025-01-12T20:49:53.925281
MTA NYCT_Q2,MTA NYCT_8764,40.706275,-73.756118,2025-01-12T20:49:53.925281
MTA NYCT_Q2,MTA NYCT_8423,40.710629,-73.793208,2025-01-12T20:49:53.925281
MTA NYCT_Q2,MTA NYCT_8648,40.706192,-73.758153,2025-01-12T20:49:53.925281
MTA NYCT_Q2,MTA NYCT_8764,40.712955,-73.727628,2025-01-12T21:19:58.751315
MTA NYCT_Q2,MTA NYCT_8823,40.712051,-73.788775,2025-01-12T21:19:58.751315
MTA NYCT_Q2,MTA NYCT_8648,40.714781,-73.774906,2025-01-12T21:19:58.751315
MTA NYCT_Q2,MTA NYCT_8823,40.709397,-73.746095,2025-01-12T21:50:04.943196
MTA NYCT_Q2,MTA NYCT_8648,40.713221,-73.735593,2025-01-12T21:50:04.943196
MTA NYCT_Q2,MTA NYCT_8648,40.711805,-73.78797,2025-01-12T22:20:10.487279
MTA NYCT_Q2,MTA NYCT_8764,40.711842,-73.730214,2025-01-12T22:20:10.487279
MTA NYCT_Q2,MTA NYCT_8823,40.711575,-73.737832,2025-01-12T22:20:10.487279
MTA NYCT_Q2,MTA NYCT_8304,40.713508,-73.780367,2025-01-13T06:31:49.912598
MTA NYCT_Q2,MTA NYCT_8309,40.707342,-73.751109,2025-01-13T06:31:49.912598
MTA NYCT_Q2,MTA NYCT_8075,40.707927,-73.795751,2025-01-13T06:31:49.912598
MTA NYCT_Q2,MTA NYCT_8423,40.713138,-73.728312,2025-01-13T06:31:49.912598
MTA NYCT_Q2,MTA NYCT_8487,40.712101,-73.731189,2025-01-13T06:31:49.912598
MTA NYCT_Q2,MTA NYCT_8799,40.714895,-73.774455,2025-01-13T06:31:49.912598
MTA NYCT_Q2,MTA NYCT_8799,40.713138,-73.728312,2025-01-13T07:01:54.990708
MTA NYCT_Q2,MTA NYCT_8834,40.706775,-73.762693,2025-01-13T07:01:54.990708
MTA NYCT_Q2,MTA NYCT_8309,40.709088,-73.797199,2025-01-13T07:01:54.990708
MTA NYCT_Q2,MTA NYCT_8412,40.713749,-73.772629,2025-01-13T07:01:54.990708
MTA NYCT_Q2,MTA NYCT_8075,40.708295,-73.748487,2025-01-13T07:01:54.990708
MTA NYCT_Q2,MTA NYCT_8010,40.713215,-73.735568,2025-01-13T07:01:54.990708
MTA NYCT_Q2,MTA NYCT_8423,40.711686,-73.771275,2025-01-13T07:01:54.990708
MTA NYCT_Q2,MTA NYCT_8034,40.71212,-73.731259,2025-01-13T07:01:54.990708
MTA NYCT_Q2,MTA NYCT_8487,40.713844,-73.772691,2025-01-13T07:01:54.990708
MTA NYCT_Q2,MTA NYCT_8304,40.712682,-73.771939,2025-01-13T07:32:01.001449
MTA NYCT_Q2,MTA NYCT_8423,40.707671,-73.795196,2025-01-13T07:32:01.001449
MTA NYCT_Q2,MTA NYCT_8413,40.712955,-73.727628,2025-01-13T07:32:01.001449
MTA NYCT_Q2,MTA NYCT_8799,40.714764,-73.774972,2025-01-13T07:32:01.001449
MTA NYCT_Q2,MTA NYCT_8412,40.706499,-73.760314,2025-01-13T07:32:01.001449
MTA NYCT_Q2,MTA NYCT_8487,40.714408,-73.776432,2025-01-13T07:32:01.001449
MTA NYCT_Q2,MTA NYCT_8309,40.712501,-73.736192,2025-01-13T07:32:01.001449
MTA NYCT_Q2,MTA NYCT_8075,40.711682,-73.737468,2025-01-13T07:32:01.001449
MTA NYCT_Q2,MTA NYCT_8834,40.707933,-73.795736,2025-01-13T07:32:01.001449
MTA NYCT_Q2,MTA NYCT_8487,40.713138,-73.728312,2025-01-13T08:02:08.895105
MTA NYCT_Q2,MTA NYCT_8309,40.70954,-73.767644,2025-01-13T08:02:08.895105
MTA NYCT_Q2,MTA NYCT_8413,40.714757,-73.774999,2025-01-13T08:02:08.895105
MTA NYCT_Q2,MTA NYCT_8008,40.712261,-73.736317,2025-01-13T08:02:08.895105
MTA NYCT_Q2,MTA NYCT_8423,40.714798,-73.77484,2025-01-13T08:02:08.895105
MTA NYCT_Q2,MTA NYCT_8834,40.707239,-73.751584,2025-01-13T08:02:08.895105
MTA NYCT_Q2,MTA NYCT_8412,40.708518,-73.796838,2025-01-13T08:02:08.895105
MTA NYCT_Q2,MTA NYCT_8034,40.706384,-73.75932,2025-01-13T08:02:08.895105
MTA NYCT_Q2,MTA NYCT_8423,40.712955,-73.727628,2025-01-13T08:32:15.114939
MTA NYCT_Q2,MTA NYCT_8309,40.707743,-73.795243,2025-01-13T08:32:15.114939
MTA NYCT_Q2,MTA NYCT_8413,40.714476,-73.776156,2025-01-13T08:32:15.114939
MTA NYCT_Q2,MTA NYCT_8304,40.712291,-73.736301,2025-01-13T08:32:15.114939
MTA NYCT_Q2,MTA NYCT_8008,40.712743,-73.783336,2025-01-13T08:32:15.114939
MTA NYCT_Q2,MTA NYCT_8412,40.713137,-73.73527,2025-01-13T08:32:15.114939
MTA NYCT_Q2,MTA NYCT_8487,40.715027,-73.773491,2025-01-13T08:32:15.114939
MTA NYCT_Q2,MTA NYCT_8010,40.714783,-73.773326,2025-01-13T08:32:15.114939
MTA NYCT_Q2,MTA NYCT_8034,40.706564,-73.754703,2025-01-13T09:02:21.235669
MTA NYCT_Q2,MTA NYCT_8423,40.712489,-73.784436,2025-01-13T09:02:21.235669
MTA NYCT_Q2,MTA NYCT_8309,40.713118,-73.735194,2025-01-13T09:02:21.235669
MTA NYCT_Q2,MTA NYCT_8304,40.709521,-73.796365,2025-01-13T09:02:21.235669
MTA NYCT_Q2,MTA NYCT_8412,40.714642,-73.775481,2025-01-13T09:02:21.235669
MTA NYCT_Q2,MTA NYCT_8008,40.71456,-73.775833,2025-01-13T09:02:21.235669
MTA NYCT_Q2,MTA NYCT_8478,40.706443,-73.755248,2025-01-13T09:32:26.572710
MTA NYCT_Q2,MTA NYCT_8034,40.707933,-73.795736,2025-01-13T09:32:26.572710
MTA NYCT_Q2,MTA NYCT_8413,40.714126,-73.772881,2025-01-13T09:32:26.572710
MTA NYCT_Q2,MTA NYCT_8008,40.711903,-73.72719,2025-01-13T09:32:26.572710
MTA NYCT_Q2,MTA NYCT_8423,40.714899,-73.77444,2025-01-13T09:32:26.572710
MTA NYCT_Q2,MTA NYCT_8487,40.710473,-73.793576,2025-01-13T09:32:26.572710
MTA NYCT_Q2,MTA NYCT_8413,40.711175,-73.772026,2025-01-13T10:02:31.487023
MTA NYCT_Q2,MTA NYCT_8008,40.711432,-73.771104,2025-01-13T10:02:31.487023
MTA NYCT_Q2,MTA NYCT_8034,40.706586,-73.761325,2025-01-13T10:02:31.487023
MTA NYCT_Q2,MTA NYCT_8425,40.707356,-73.764664,2025-01-13T10:02:31.487023
MTA NYCT_Q2,MTA NYCT_8541,40.711224,-73.727297,2025-01-13T10:02:31.487023
MTA NYCT_Q2,MTA NYCT_8478,40.707933,-73.795736,2025-01-13T10:02:31.487023
MTA NYCT_Q2,MTA NYCT_8008,40.711653,-73.772247,2025-01-13T10:32:36.536630
MTA NYCT_Q2,MTA NYCT_8513,40.706427,-73.755323,2025-01-13T10:32:36.536630
MTA NYCT_Q2,MTA NYCT_8541,40.71305,-73.782193,2025-01-13T10:32:36.536630
MTA NYCT_Q2,MTA NYCT_8425,40.707933,-73.795736,2025-01-13T10:32:36.536630
MTA NYCT_Q2,MTA NYCT_8478,40.710641,-73.726743,2025-01-13T10:32:36.536630
MTA NYCT_Q2,MTA NYCT_8008,40.712628,-73.733247,2025-01-13T11:02:41.890567
MTA NYCT_Q2,MTA NYCT_8513,40.707779,-73.795267,2025-01-13T11:02:41.890567
MTA NYCT_Q2,MTA NYCT_8541,40.710784,-73.771883,2025-01-13T11:02:41.890567
MTA NYCT_Q2,MTA NYCT_8478,40.70955,-73.767753,2025-01-13T11:02:41.890567
MTA NYCT_Q2,MTA NYCT_8425,40.713138,-73.728312,2025-01-13T11:02:41.890567
MTA NYCT_Q2,MTA NYCT_8541,40.711505,-73.729076,2025-01-13T11:32:47.262337
MTA NYCT_Q2,MTA NYCT_8425,40.710558,-73.770144,2025-01-13T11:32:47.262337
MTA NYCT_Q2,MTA NYCT_8008,40.710875,-73.79258,2025-01-13T11:32:47.262337
MTA NYCT_Q2,MTA NYCT_8478,40.707933,-73.795736,2025-01-13T11:32:47.262337
MTA NYCT_Q2,MTA NYCT_8513,40.710138,-73.726491,2025-01-13T11:32:47.262337
MTA NYCT_Q2,MTA NYCT_8478,40.712955,-73.727628,2025-01-13T12:02:52.288364
MTA NYCT_Q2,MTA NYCT_8008,40.710882,-73.771918,2025-01-13T12:02:52.288364
MTA NYCT_Q2,MTA NYCT_8541,40.711251,-73.791546,2025-01-13T12:02:52.288364
MTA NYCT_Q2,MTA NYCT_8425,40.707671,-73.795196,2025-01-13T12:02:52.288364
MTA NYCT_Q2,MTA NYCT_8513,40.70866,-73.766032,2025-01-13T12:02:52.288364
MTA NYCT_Q2,MTA NYCT_8478,40.709633,-73.768453,2025-01-13T12:32:58.023046
MTA NYCT_Q2,MTA NYCT_8513,40.707933,-73.795736,2025-01-13T12:32:58.023046
MTA NYCT_Q2,MTA NYCT_8425,40.713138,-73.728312,2025-01-13T12:32:58.023046
MTA NYCT_Q2,MTA NYCT_8540,40.707671,-73.795196,2025-01-13T12:32:58.023046
MTA NYCT_Q2,MTA NYCT_8541,40.710653,-73.771837,2025-01-13T12:32:58.023046
MTA NYCT_Q2,MTA NYCT_8425,40.713687,-73.77259,2025-01-13T13:03:03.533308
MTA NYCT_Q2,MTA NYCT_8478,40.707815,-73.79529,2025-01-13T13:03:03.533308
MTA NYCT_Q2,MTA NYCT_8540,40.711863,-73.77239,2025-01-13T13:03:03.533308
MTA NYCT_Q2,MTA NYCT_8513,40.712705,-73.733564,2025-01-13T13:03:03.533308
MTA NYCT_Q2,MTA NYCT_8422,40.712011,-73.730854,2025-01-13T13:03:03.533308
MTA NYCT_Q2,MTA NYCT_8810,40.709694,-73.795736,2025-01-13T13:03:03.533308
MTA NYCT_Q2,MTA NYCT_8643,40.706181,-73.757103,2025-01-13T13:33:08.471032
MTA NYCT_Q2,MTA NYCT_8478,40.71268,-73.733459,2025-01-13T13:33:08.471032
MTA NYCT_Q2,MTA NYCT_8425,40.707814,-73.796058,2025-01-13T13:33:08.471032
MTA NYCT_Q2,MTA NYCT_8810,40.714698,-73.774293,2025-01-13T13:33:08.471032
MTA NYCT_Q2,MTA NYCT_8422,40.712136,-73.785877,2025-01-13T13:33:08.471032
MTA NYCT_Q2,MTA NYCT_8805,40.706349,-73.759115,2025-01-13T14:03:13.940826
MTA NYCT_Q2,MTA NYCT_8643,40.707839,-73.795306,2025-01-13T14:03:13.940826
MTA NYCT_Q2,MTA NYCT_8810,40.711784,-73.729995,2025-01-13T14:03:13.940826
MTA NYCT_Q2,MTA NYCT_8511,40.708226,-73.795545,2025-01-13T14:03:13.940826
MTA NYCT_Q2,MTA NYCT_8422,40.714155,-73.777505,2025-01-13T14:03:13.940826
MTA NYCT_Q2,MTA NYCT_8425,40.712615,-73.733197,2025-01-13T14:03:13.940826
MTA NYCT_Q2,MTA NYCT_8425,40.710416,-73.769416,2025-01-13T14:33:19.187949
MTA NYCT_Q2,MTA NYCT_8511,40.710897,-73.79249,2025-01-13T14:33:19.187949
MTA NYCT_Q2,MTA NYCT_8805,40.707927,-73.795751,2025-01-13T14:33:19.187949
MTA NYCT_Q2,MTA NYCT_8810,40.710133,-73.794386,2025-01-13T14:33:19.187949
MTA NYCT_Q2,MTA NYCT_8810,40.714132,-73.777608,2025-01-13T15:03:24.569643
MTA NYCT_Q2,MTA NYCT_8422,40.710585,-73.79331,2025-01-13T15:03:24.569643
MTA NYCT_Q2,MTA NYCT_8805,40.706228,-73.75641,2025-01-13T15:03:24.569643
MTA NYCT_Q2,MTA NYCT_8766,40.7096,-73.76839,2025-01-13T15:03:24.569643
MTA NYCT_Q2,MTA NYCT_8511,40.712052,-73.731008,2025-01-13T15:03:24.569643
MTA NYCT_Q2,MTA NYCT_8105,40.706606,-73.761548,2025-01-13T15:03:24.569643
MTA NYCT_Q2,MTA NYCT_8431,40.707927,-73.795751,2025-01-13T15:03:24.569643
MTA NYCT_Q2,MTA NYCT_8766,40.711891,-73.786867,2025-01-13T15:33:31.425687
MTA NYCT_Q2,MTA NYCT_8431,40.706262,-73.756191,2025-01-13T15:33:31.425687
MTA NYCT_Q2,MTA NYCT_8422,40.711891,-73.736824,2025-01-13T15:33:31.425687
MTA NYCT_Q2,MTA NYCT_8805,40.710756,-73.74042,2025-01-13T15:33:31.425687
MTA NYCT_Q2,MTA NYCT_8511,40.715112,-73.773549,2025-01-13T15:33:31.425687
MTA NYCT_Q2,MTA NYCT_8650,40.70703,-73.763988,2025-01-13T15:33:31.425687
MTA NYCT_Q2,MTA NYCT_8105,40.71105,-73.727402,2025-01-13T15:33:31.425687
MTA NYCT_Q2,MTA NYCT_8417,40.709475,-73.796531,2025-01-13T15:33:31.425687
MTA NYCT_Q2,MTA NYCT_8422,40.706775,-73.762693,2025-01-13T16:03:38.381727
MTA NYCT_Q2,MTA NYCT_8766,40.713086,-73.728291,2025-01-13T16:03:38.381727
MTA NYCT_Q2,MTA NYCT_8105,40.711776,-73.790032,2025-01-13T16:03:38.381727
MTA NYCT_Q2,MTA NYCT_8431,40.713071,-73.735896,2025-01-13T16:03:38.381727
MTA NYCT_Q2,MTA NYCT_8805,40.70825,-73.795559,2025-01-13T16:03:38.381727
MTA NYCT_Q2,MTA NYCT_8511,40.711859,-73.78814,2025-01-13T16:03:38.381727
MTA NYCT_Q2,MTA NYCT_8417,40.711427,-73.728875,2025-01-13T16:03:38.381727
MTA NYCT_Q2,MTA NYCT_8499,40.712955,-73.727628,2025-01-13T16:33:43.662147
MTA NYCT_Q2,MTA NYCT_8766,40.709518,-73.76757,2025-01-13T16:33:43.662147
MTA NYCT_Q2,MTA NYCT_8511,40.712767,-73.733815,2025-01-13T16:33:43.662147
MTA NYCT_Q2,MTA NYCT_8431,40.707869,-73.795325,2025-01-13T16:33:43.662147
MTA NYCT_Q2,MTA NYCT_8805,40.709561,-73.767876,2025-01-13T16:33:43.662147
MTA NYCT_Q2,MTA NYCT_8105,40.714217,-73.777229,2025-01-13T16:33:43.662147
MTA NYCT_Q2,MTA NYCT_8001,40.710246,-73.7421,2025-01-13T16:33:43.662147
MTA NYCT_Q2,MTA NYCT_8417,40.710588,-73.740974,2025-01-13T16:33:43.662147
MTA NYCT_Q2,MTA NYCT_8650,40.709243,-73.797297,2025-01-13T16:33:43.662147
MTA NYCT_Q2,MTA NYCT_8417,40.707797,-73.795278,2025-01-13T17:03:49.179661
MTA NYCT_Q2,MTA NYCT_8650,40.712785,-73.733889,2025-01-13T17:03:49.181300
MTA NYCT_Q2,MTA NYCT_8431,40.713423,-73.780721,2025-01-13T17:03:49.181300
MTA NYCT_Q2,MTA NYCT_8489,40.709393,-73.767251,2025-01-13T17:03:49.181300
MTA NYCT_Q2,MTA NYCT_8001,40.710659,-73.740757,2025-01-13T17:03:49.181300
MTA NYCT_Q2,MTA NYCT_8766,40.707927,-73.795751,2025-01-13T17:03:49.181300
MTA NYCT_Q2,MTA NYCT_8499,40.710726,-73.770544,2025-01-13T17:03:49.181300
MTA NYCT_Q2,MTA NYCT_8489,40.713138,-73.728312,2025-01-13T17:33:56.005911
MTA NYCT_Q2,MTA NYCT_8105,40.709122,-73.797221,2025-01-13T17:33:56.005911
MTA NYCT_Q2,MTA NYCT_8001,40.707779,-73.795267,2025-01-13T17:33:56.005911
MTA NYCT_Q2,MTA NYCT_8525,40.708103,-73.795474,2025-01-13T17:33:56.005911
MTA NYCT_Q2,MTA NYCT_8511,40.710738,-73.740483,2025-01-13T17:33:56.005911
MTA NYCT_Q2,MTA NYCT_8488,40.713098,-73.735115,2025-01-13T17:33:56.005911
MTA NYCT_Q2,MTA NYCT_8766,40.709442,-73.745899,2025-01-13T17:33:56.005911
MTA NYCT_Q2,MTA NYCT_8499,40.70791,-73.795797,2025-01-13T17:33:56.005911
MTA NYCT_Q2,MTA NYCT_8417,40.710392,-73.771739,2025-01-13T17:33:56.005911
MTA NYCT_Q2,MTA NYCT_8833,40.707589,-73.750167,2025-01-13T18:04:02.042718
MTA NYCT_Q2,MTA NYCT_8105,40.709826,-73.744067,2025-01-13T18:04:02.042718
MTA NYCT_Q2,MTA NYCT_8499,40.707424,-73.764755,2025-01-13T18:04:02.042718
MTA NYCT_Q2,MTA NYCT_8488,40.712733,-73.783372,2025-01-13T18:04:02.042718
MTA NYCT_Q2,MTA NYCT_8489,40.712743,-73.783336,2025-01-13T18:04:02.042718
MTA NYCT_Q2,MTA NYCT_8001,40.708182,-73.765534,2025-01-13T18:04:02.042718
MTA NYCT_Q2,MTA NYCT_8525,40.707927,-73.795751,2025-01-13T18:04:02.042718
MTA NYCT_Q2,MTA NYCT_8805,40.707927,-73.795751,2025-01-13T18:04:02.042718
MTA NYCT_Q2,MTA NYCT_8034,40.712464,-73.7728,2025-01-13T18:04:02.042718
MTA NYCT_Q2,MTA NYCT_8805,40.706862,-73.753339,2025-01-13T18:34:08.329695
MTA NYCT_Q2,MTA NYCT_8477,40.711147,-73.739236,2025-01-13T18:34:08.329695
MTA NYCT_Q2,MTA NYCT_8833,40.707725,-73.795231,2025-01-13T18:34:08.329695
MTA NYCT_Q2,MTA NYCT_8489,40.712614,-73.772902,2025-01-13T18:34:08.329695
MTA NYCT_Q2,MTA NYCT_8402,40.714821,-73.77475,2025-01-13T18:34:08.329695
MTA NYCT_Q2,MTA NYCT_8488,40.709111,-73.766637,2025-01-13T18:34:08.329695
MTA NYCT_Q2,MTA NYCT_8525,40.706918,-73.753077,2025-01-13T18:34:08.329695
MTA NYCT_Q2,MTA NYCT_8034,40.712405,-73.727395,2025-01-13T18:34:08.329695
MTA NYCT_Q2,MTA NYCT_8477,40.707671,-73.795196,2025-01-13T19:04:14.765303
MTA NYCT_Q2,MTA NYCT_8488,40.712955,-73.727628,2025-01-13T19:04:14.765303
MTA NYCT_Q2,MTA NYCT_8525,40.711147,-73.739236,2025-01-13T19:04:14.765303
MTA NYCT_Q2,MTA NYCT_8001,40.70907,-73.797189,2025-01-13T19:04:14.765303
MTA NYCT_Q2,MTA NYCT_8833,40.707788,-73.749709,2025-01-13T19:04:14.765303
MTA NYCT_Q2,MTA NYCT_8034,40.712183,-73.771606,2025-01-13T19:04:14.765303
MTA NYCT_Q2,MTA NYCT_8105,40.713306,-73.773372,2025-01-13T19:04:14.765303
MTA NYCT_Q2,MTA NYCT_8402,40.713849,-73.778935,2025-01-13T19:04:14.765303
MTA NYCT_Q2,MTA NYCT_8805,40.708594,-73.765961,2025-01-13T19:34:21.265238
MTA NYCT_Q2,MTA NYCT_8525,40.707779,-73.795267,2025-01-13T19:34:21.265238
MTA NYCT_Q2,MTA NYCT_8477,40.710548,-73.741085,2025-01-13T19:34:21.265238
MTA NYCT_Q2,MTA NYCT_8488,40.712831,-73.783014,2025-01-13T19:34:21.265238
MTA NYCT_Q2,MTA NYCT_8833,40.709381,-73.746163,2025-01-13T19:34:21.265238
MTA NYCT_Q2,MTA NYCT_8034,40.710876,-73.792549,2025-01-13T19:34:21.265238
MTA NYCT_Q2,MTA NYCT_8001,40.710615,-73.726684,2025-01-13T19:34:21.265238
MTA NYCT_Q2,MTA NYCT_8805,40.713138,-73.728312,2025-01-13T20:04:27.164853
MTA NYCT_Q2,MTA NYCT_8477,40.706188,-73.75698,2025-01-13T20:04:27.164853
MTA NYCT_Q2,MTA NYCT_8833,40.707743,-73.795243,2025-01-13T20:04:27.164853
MTA NYCT_Q2,MTA NYCT_8402,40.712316,-73.785157,2025-01-13T20:04:27.164853
MTA NYCT_Q2,MTA NYCT_8525,40.710762,-73.740399,2025-01-13T20:04:27.164853
MTA NYCT_Q2,MTA NYCT_8034,40.711968,-73.727956,2025-01-13T20:04:27.164853
MTA NYCT_Q2,MTA NYCT_8488,40.706568,-73.761124,2025-01-13T20:04:27.164853
MTA NYCT_Q2,MTA NYCT_8515,40.713063,-73.782146,2025-01-13T20:04:27.164853
MTA NYCT_Q2,MTA NYCT_8402,40.706349,-73.759118,2025-01-13T20:34:32.875303
MTA NYCT_Q2,MTA NYCT_8525,40.710696,-73.740629,2025-01-13T20:34:32.875303
MTA NYCT_Q2,MTA NYCT_8477,40.707815,-73.79529,2025-01-13T20:34:32.875303
MTA NYCT_Q2,MTA NYCT_8833,40.710453,-73.741366,2025-01-13T20:34:32.875303
MTA NYCT_Q2,MTA NYCT_8805,40.712446,-73.784617,2025-01-13T20:34:32.875303
MTA NYCT_Q2,MTA NYCT_8525,40.707743,-73.795243,2025-01-13T21:04:38.547355
MTA NYCT_Q2,MTA NYCT_8515,40.707922,-73.795361,2025-01-13T21:04:38.547355
MTA NYCT_Q2,MTA NYCT_8805,40.70967,-73.768533,2025-01-13T21:04:38.547355
MTA NYCT_Q2,MTA NYCT_8833,40.7072,-73.751762,2025-01-13T21:04:38.547355
MTA NYCT_Q2,MTA NYCT_8477,40.710729,-73.726996,2025-01-13T21:04:38.547355
MTA NYCT_Q2,MTA NYCT_8103,40.711146,-73.739239,2025-01-14T07:17:27.607676
MTA NYCT_Q2,MTA NYCT_8533,40.710336,-73.769026,2025-01-14T07:17:27.607676
MTA NYCT_Q2,MTA NYCT_8534,40.706183,-73.757062,2025-01-14T07:17:27.607676
MTA NYCT_Q2,MTA NYCT_8079,40.707927,-73.795751,2025-01-14T07:17:27.607676
MTA NYCT_Q2,MTA NYCT_8823,40.710416,-73.793716,2025-01-14T07:17:27.607676
MTA NYCT_Q2,MTA NYCT_8515,40.707671,-73.795196,2025-01-14T07:17:27.607676
MTA NYCT_Q2,MTA NYCT_8413,40.713138,-73.728312,2025-01-14T07:17:27.607676
MTA NYCT_Q2,MTA NYCT_8430,40.70955,-73.767746,2025-01-14T07:17:27.607676
MTA NYCT_Q2,MTA NYCT_8079,40.708434,-73.748139,2025-01-14T07:47:34.718281
MTA NYCT_Q2,MTA NYCT_8302,40.706775,-73.762697,2025-01-14T07:47:34.718281
MTA NYCT_Q2,MTA NYCT_8835,40.713264,-73.735757,2025-01-14T07:47:34.718281
MTA NYCT_Q2,MTA NYCT_8413,40.713796,-73.779159,2025-01-14T07:47:34.718281
MTA NYCT_Q2,MTA NYCT_8075,40.706733,-73.753935,2025-01-14T07:47:34.718281
MTA NYCT_Q2,MTA NYCT_8103,40.709535,-73.796316,2025-01-14T07:47:34.718281
MTA NYCT_Q2,MTA NYCT_8080,40.709739,-73.79557,2025-01-14T07:47:34.718281
MTA NYCT_Q2,MTA NYCT_8823,40.712675,-73.783589,2025-01-14T07:47:34.718281
MTA NYCT_Q2,MTA NYCT_8502,40.710693,-73.770476,2025-01-14T08:17:41.282454
MTA NYCT_Q2,MTA NYCT_8079,40.708948,-73.747155,2025-01-14T08:17:41.282454
MTA NYCT_Q2,MTA NYCT_8075,40.707779,-73.795267,2025-01-14T08:17:41.282454
MTA NYCT_Q2,MTA NYCT_8080,40.710581,-73.77181,2025-01-14T08:17:41.282454
MTA NYCT_Q2,MTA NYCT_8533,40.710123,-73.742663,2025-01-14T08:17:41.282454
MTA NYCT_Q2,MTA NYCT_8430,40.714782,-73.773325,2025-01-14T08:17:41.282454
MTA NYCT_Q2,MTA NYCT_8835,40.709657,-73.795868,2025-01-14T08:17:41.282454
MTA NYCT_Q2,MTA NYCT_8302,40.70954,-73.76764,2025-01-14T08:47:48.089764
MTA NYCT_Q2,MTA NYCT_8835,40.712599,-73.772892,2025-01-14T08:47:48.089764
MTA NYCT_Q2,MTA NYCT_8502,40.707779,-73.795267,2025-01-14T08:47:48.089764
MTA NYCT_Q2,MTA NYCT_8080,40.712283,-73.736305,2025-01-14T08:47:48.089764
MTA NYCT_Q2,MTA NYCT_8075,40.713011,-73.735927,2025-01-14T08:47:48.089764
MTA NYCT_Q2,MTA NYCT_8103,40.710437,-73.769526,2025-01-14T08:47:48.089764
MTA NYCT_Q2,MTA NYCT_8515,40.71053,-73.793437,2025-01-14T08:47:48.089764
MTA NYCT_Q2,MTA NYCT_8079,40.70652,-73.760583,2025-01-14T09:17:52.813572
MTA NYCT_Q2,MTA NYCT_8302,40.707815,-73.79529,2025-01-14T09:17:52.813572
MTA NYCT_Q2,MTA NYCT_8430,40.714806,-73.774808,2025-01-14T09:17:52.813572
MTA NYCT_Q2,MTA NYCT_8080,40.708581,-73.795749,2025-01-14T09:17:52.813572
MTA NYCT_Q2,MTA NYCT_8075,40.70818,-73.74877,2025-01-14T09:17:52.813572
MTA NYCT_Q2,MTA NYCT_8502,40.712628,-73.73325,2025-01-14T09:17:52.813572
MTA NYCT_Q2,MTA NYCT_8515,40.706612,-73.761638,2025-01-14T09:17:52.813572
MTA NYCT_Q2,MTA NYCT_8662,40.712955,-73.727628,2025-01-14T09:47:57.860352
MTA NYCT_Q2,MTA NYCT_8502,40.708952,-73.747147,2025-01-14T09:47:57.860352
MTA NYCT_Q2,MTA NYCT_8302,40.710702,-73.740607,2025-01-14T09:47:57.860352
MTA NYCT_Q2,MTA NYCT_8028,40.710409,-73.769379,2025-01-14T09:47:57.860352
MTA NYCT_Q2,MTA NYCT_8075,40.707779,-73.795267,2025-01-14T09:47:57.860352
MTA NYCT_Q2,MTA NYCT_8430,40.710751,-73.771872,2025-01-14T09:47:57.860352
MTA NYCT_Q2,MTA NYCT_8502,40.707815,-73.79529,2025-01-14T10:18:02.705884
MTA NYCT_Q2,MTA NYCT_8028,40.71111,-73.772001,2025-01-14T10:18:02.705884
MTA NYCT_Q2,MTA NYCT_8418,40.706435,-73.755286,2025-01-14T10:18:02.705884
MTA NYCT_Q2,MTA NYCT_8641,40.7115,-73.727224,2025-01-14T10:18:02.705884
MTA NYCT_Q2,MTA NYCT_8662,40.709576,-73.796167,2025-01-14T10:18:02.705884
MTA NYCT_Q2,MTA NYCT_8028,40.713138,-73.728312,2025-01-14T10:48:07.302329
MTA NYCT_Q2,MTA NYCT_8515,40.710676,-73.770442,2025-01-14T10:48:07.302329
MTA NYCT_Q2,MTA NYCT_8662,40.709853,-73.769191,2025-01-14T10:48:07.302329
MTA NYCT_Q2,MTA NYCT_8641,40.712716,-73.783434,2025-01-14T10:48:07.302329
MTA NYCT_Q2,MTA NYCT_8502,40.71305,-73.735907,2025-01-14T10:48:07.302329
MTA NYCT_Q2,MTA NYCT_8418,40.707919,-73.795774,2025-01-14T10:48:07.302329
MTA NYCT_Q2,MTA NYCT_8641,40.709835,-73.769093,2025-01-14T11:18:12.138252
MTA NYCT_Q2,MTA NYCT_8502,40.710692,-73.770473,2025-01-14T11:18:12.138252
MTA NYCT_Q2,MTA NYCT_8662,40.713262,-73.735749,2025-01-14T11:18:12.138252
MTA NYCT_Q2,MTA NYCT_8028,40.713118,-73.781956,2025-01-14T11:18:12.138252
MTA NYCT_Q2,MTA NYCT_8418,40.712705,-73.733564,2025-01-14T11:18:12.138252
MTA NYCT_Q2,MTA NYCT_8502,40.707671,-73.795196,2025-01-14T11:48:17.321292
MTA NYCT_Q2,MTA NYCT_8418,40.707207,-73.76443,2025-01-14T11:48:17.321292
MTA NYCT_Q2,MTA NYCT_8662,40.707851,-73.795314,2025-01-14T11:48:17.321292
MTA NYCT_Q2,MTA NYCT_8641,40.713223,-73.735599,2025-01-14T11:48:17.321292
MTA NYCT_Q2,MTA NYCT_8028,40.713115,-73.781967,2025-01-14T11:48:17.321292
MTA NYCT_Q2,MTA NYCT_8515,40.712682,-73.771939,2025-01-14T12:18:22.916978
MTA NYCT_Q2,MTA NYCT_8662,40.709551,-73.767755,2025-01-14T12:18:22.916978
MTA NYCT_Q2,MTA NYCT_8028,40.711359,-73.728696,2025-01-14T12:18:22.916978
MTA NYCT_Q2,MTA NYCT_8641,40.707905,-73.795812,2025-01-14T12:18:22.916978
MTA NYCT_Q2,MTA NYCT_8418,40.707933,-73.795736,2025-01-14T12:18:22.916978
MTA NYCT_Q2,MTA NYCT_8648,40.707257,-73.764521,2025-01-14T12:48:27.989001
MTA NYCT_Q2,MTA NYCT_8662,40.713138,-73.728312,2025-01-14T12:48:27.989001
MTA NYCT_Q2,MTA NYCT_8641,40.708744,-73.766121,2025-01-14T12:48:27.989001
MTA NYCT_Q2,MTA NYCT_8515,40.708432,-73.79678,2025-01-14T12:48:27.989001
MTA NYCT_Q2,MTA NYCT_8028,40.713064,-73.782146,2025-01-14T12:48:27.989001
MTA NYCT_Q2,MTA NYCT_8418,40.711197,-73.739075,2025-01-14T12:48:27.989001
MTA NYCT_Q2,MTA NYCT_8028,40.710556,-73.771801,2025-01-14T13:18:32.994101
MTA NYCT_Q2,MTA NYCT_8811,40.711238,-73.728382,2025-01-14T13:18:32.994101
MTA NYCT_Q2,MTA NYCT_8024,40.707506,-73.764846,2025-01-14T13:18:32.994101
MTA NYCT_Q2,MTA NYCT_8648,40.707929,-73.795746,2025-01-14T13:18:32.994101
MTA NYCT_Q2,MTA NYCT_8662,40.709809,-73.795342,2025-01-14T13:18:32.994622
MTA NYCT_Q2,MTA NYCT_8648,40.711773,-73.737187,2025-01-14T13:48:38.226630
MTA NYCT_Q2,MTA NYCT_8661,40.706181,-73.758081,2025-01-14T13:48:38.226630
MTA NYCT_Q2,MTA NYCT_8024,40.707919,-73.795774,2025-01-14T13:48:38.226630
MTA NYCT_Q2,MTA NYCT_8305,40.711987,-73.730764,2025-01-14T13:48:38.226630
MTA NYCT_Q2,MTA NYCT_8811,40.709521,-73.796365,2025-01-14T13:48:38.226630
MTA NYCT_Q2,MTA NYCT_8662,40.714824,-73.774737,2025-01-14T13:48:38.226630
MTA NYCT_Q2,MTA NYCT_8662,40.712998,-73.735934,2025-01-14T14:18:44.298870
MTA NYCT_Q2,MTA NYCT_8661,40.707815,-73.79529,2025-01-14T14:18:44.298870
MTA NYCT_Q2,MTA NYCT_8079,40.711361,-73.79123,2025-01-14T14:18:44.298870
MTA NYCT_Q2,MTA NYCT_8811,40.709627,-73.768439,2025-01-14T14:18:44.298870
MTA NYCT_Q2,MTA NYCT_8024,40.713121,-73.735205,2025-01-14T14:18:44.298870
MTA NYCT_Q2,MTA NYCT_8648,40.707438,-73.764773,2025-01-14T14:18:44.298870
MTA NYCT_Q2,MTA NYCT_8305,40.710202,-73.794225,2025-01-14T14:18:44.298870
MTA NYCT_Q2,MTA NYCT_8079,40.712955,-73.727628,2025-01-14T14:48:51.938706
MTA NYCT_Q2,MTA NYCT_8661,40.706862,-73.753339,2025-01-14T14:48:51.938706
MTA NYCT_Q2,MTA NYCT_8515,40.709424,-73.767332,2025-01-14T14:48:51.938706
MTA NYCT_Q2,MTA NYCT_8811,40.711754,-73.729882,2025-01-14T14:48:51.938706
MTA NYCT_Q2,MTA NYCT_8648,40.708672,-73.796939,2025-01-14T14:48:51.938706
MTA NYCT_Q2,MTA NYCT_8846,40.706612,-73.761646,2025-01-14T14:48:51.938706
MTA NYCT_Q2,MTA NYCT_8662,40.70903,-73.79604,2025-01-14T14:48:51.938706
MTA NYCT_Q2,MTA NYCT_8305,40.712662,-73.78365,2025-01-14T14:48:51.938706
MTA NYCT_Q2,MTA NYCT_8079,40.710707,-73.770505,2025-01-14T15:18:57.224849
MTA NYCT_Q2,MTA NYCT_8661,40.712302,-73.736295,2025-01-14T15:18:57.224849
MTA NYCT_Q2,MTA NYCT_8839,40.711622,-73.772229,2025-01-14T15:18:57.224849
MTA NYCT_Q2,MTA NYCT_8648,40.711937,-73.736533,2025-01-14T15:18:57.224849
MTA NYCT_Q2,MTA NYCT_8024,40.706909,-73.753121,2025-01-14T15:18:57.224849
MTA NYCT_Q2,MTA NYCT_8846,40.707927,-73.795751,2025-01-14T15:18:57.224849
MTA NYCT_Q2,MTA NYCT_8811,40.713266,-73.781368,2025-01-14T15:18:57.224849
MTA NYCT_Q2,MTA NYCT_8299,40.709139,-73.797232,2025-01-14T15:18:57.224849
MTA NYCT_Q2,MTA NYCT_8305,40.710774,-73.727123,2025-01-14T15:18:57.224849
MTA NYCT_Q2,MTA NYCT_8003,40.709408,-73.767292,2025-01-14T15:49:03.529526
MTA NYCT_Q2,MTA NYCT_8299,40.713196,-73.735498,2025-01-14T15:49:03.530046
MTA NYCT_Q2,MTA NYCT_8811,40.711285,-73.791435,2025-01-14T15:49:03.530046
MTA NYCT_Q2,MTA NYCT_8079,40.708569,-73.796873,2025-01-14T15:49:03.530046
MTA NYCT_Q2,MTA NYCT_8661,40.708397,-73.795643,2025-01-14T15:49:03.530046
MTA NYCT_Q2,MTA NYCT_8846,40.709092,-73.746884,2025-01-14T15:49:03.530046
MTA NYCT_Q2,MTA NYCT_8305,40.713294,-73.781252,2025-01-14T15:49:03.530046
MTA NYCT_Q2,MTA NYCT_8846,40.708929,-73.747191,2025-01-14T16:19:10.172717
MTA NYCT_Q2,MTA NYCT_8839,40.70954,-73.76764,2025-01-14T16:19:10.172717
MTA NYCT_Q2,MTA NYCT_8305,40.710547,-73.793397,2025-01-14T16:19:10.172717
MTA NYCT_Q2,MTA NYCT_8661,40.709644,-73.768477,2025-01-14T16:19:10.172717
MTA NYCT_Q2,MTA NYCT_8811,40.709553,-73.745376,2025-01-14T16:19:10.172717
MTA NYCT_Q2,MTA NYCT_8105,40.711653,-73.772247,2025-01-14T16:19:10.172717
MTA NYCT_Q2,MTA NYCT_8079,40.712052,-73.731008,2025-01-14T16:19:10.172717
MTA NYCT_Q2,MTA NYCT_8105,40.713138,-73.728312,2025-01-14T16:49:15.865283
MTA NYCT_Q2,MTA NYCT_8839,40.707725,-73.795231,2025-01-14T16:49:15.865283
MTA NYCT_Q2,MTA NYCT_8003,40.714086,-73.777815,2025-01-14T16:49:15.865283
MTA NYCT_Q2,MTA NYCT_8660,40.710086,-73.742842,2025-01-14T16:49:15.865283
MTA NYCT_Q2,MTA NYCT_8403,40.711313,-73.738693,2025-01-14T16:49:15.865283
MTA NYCT_Q2,MTA NYCT_8299,40.70968,-73.768554,2025-01-14T16:49:15.865283
MTA NYCT_Q2,MTA NYCT_8009,40.712059,-73.788919,2025-01-14T16:49:15.865283
MTA NYCT_Q2,MTA NYCT_8305,40.712141,-73.731336,2025-01-14T16:49:15.865283
MTA NYCT_Q2,MTA NYCT_8009,40.712151,-73.731372,2025-01-14T17:19:21.477430
MTA NYCT_Q2,MTA NYCT_8846,40.710588,-73.771813,2025-01-14T17:19:21.477430
MTA NYCT_Q2,MTA NYCT_8428,40.712302,-73.736295,2025-01-14T17:19:21.477430
MTA NYCT_Q2,MTA NYCT_8003,40.70862,-73.796907,2025-01-14T17:19:21.477430
MTA NYCT_Q2,MTA NYCT_8105,40.713156,-73.772247,2025-01-14T17:19:21.477430
MTA NYCT_Q2,MTA NYCT_8839,40.712806,-73.736033,2025-01-14T17:19:21.477430
MTA NYCT_Q2,MTA NYCT_8661,40.712298,-73.785233,2025-01-14T17:19:21.477430
MTA NYCT_Q2,MTA NYCT_8537,40.707927,-73.795751,2025-01-14T17:19:21.477430
MTA NYCT_Q2,MTA NYCT_8403,40.710416,-73.793716,2025-01-14T17:19:21.477430
MTA NYCT_Q2,MTA NYCT_8661,40.712877,-73.734255,2025-01-14T17:49:28.445908
MTA NYCT_Q2,MTA NYCT_8009,40.709217,-73.746627,2025-01-14T17:49:28.445908
MTA NYCT_Q2,MTA NYCT_8003,40.710054,-73.74299,2025-01-14T17:49:28.445908
MTA NYCT_Q2,MTA NYCT_8660,40.709715,-73.76863,2025-01-14T17:49:28.445908
MTA NYCT_Q2,MTA NYCT_8542,40.714828,-73.773357,2025-01-14T17:49:28.445908
MTA NYCT_Q2,MTA NYCT_8428,40.707902,-73.79582,2025-01-14T17:49:28.445908
MTA NYCT_Q2,MTA NYCT_8403,40.712767,-73.783246,2025-01-14T17:49:28.445908
MTA NYCT_Q2,MTA NYCT_8105,40.709243,-73.797297,2025-01-14T17:49:28.445908
MTA NYCT_Q2,MTA NYCT_8417,40.710692,-73.770473,2025-01-14T18:19:33.766587
MTA NYCT_Q2,MTA NYCT_8305,40.712555,-73.784137,2025-01-14T18:19:33.766587
MTA NYCT_Q2,MTA NYCT_8654,40.707607,-73.750126,2025-01-14T18:19:33.766587
MTA NYCT_Q2,MTA NYCT_8428,40.706627,-73.754417,2025-01-14T18:19:33.766587
MTA NYCT_Q2,MTA NYCT_8105,40.711878,-73.73035,2025-01-14T18:19:33.766587
MTA NYCT_Q2,MTA NYCT_8537,40.710216,-73.771615,2025-01-14T18:19:33.766587
MTA NYCT_Q2,MTA NYCT_8009,40.707927,-73.795751,2025-01-14T18:19:33.766587
MTA NYCT_Q2,MTA NYCT_8542,40.709741,-73.795561,2025-01-14T18:19:33.766587
MTA NYCT_Q2,MTA NYCT_8417,40.712555,-73.784137,2025-01-14T18:49:39.007701
MTA NYCT_Q2,MTA NYCT_8660,40.710613,-73.793244,2025-01-14T18:49:39.007701
MTA NYCT_Q2,MTA NYCT_8072,40.710587,-73.77025,2025-01-14T18:49:39.007701
MTA NYCT_Q2,MTA NYCT_8009,40.712986,-73.73594,2025-01-14T18:49:39.007701
MTA NYCT_Q2,MTA NYCT_8542,40.711916,-73.730495,2025-01-14T18:49:39.007701
MTA NYCT_Q2,MTA NYCT_8105,40.713138,-73.728312,2025-01-14T18:49:39.007701
MTA NYCT_Q2,MTA NYCT_8537,40.713137,-73.728312,2025-01-14T18:49:39.007701
MTA NYCT_Q2,MTA NYCT_8428,40.713138,-73.728312,2025-01-14T18:49:39.007701
MTA NYCT_Q2,MTA NYCT_8654,40.707815,-73.79529,2025-01-14T18:49:39.007701
MTA NYCT_Q2,MTA NYCT_8542,40.706339,-73.759058,2025-01-14T19:19:44.556560
MTA NYCT_Q2,MTA NYCT_8537,40.713557,-73.780164,2025-01-14T19:19:44.556560
MTA NYCT_Q2,MTA NYCT_8428,40.713583,-73.780057,2025-01-14T19:19:44.556560
MTA NYCT_Q2,MTA NYCT_8654,40.711689,-73.737444,2025-01-14T19:19:44.556560
MTA NYCT_Q2,MTA NYCT_8105,40.706874,-73.763201,2025-01-14T19:19:44.556560
MTA NYCT_Q2,MTA NYCT_8305,40.707919,-73.796439,2025-01-14T19:19:44.556560
MTA NYCT_Q2,MTA NYCT_8072,40.713165,-73.781787,2025-01-14T19:19:44.556560
MTA NYCT_Q2,MTA NYCT_8537,40.709887,-73.769389,2025-01-14T19:49:50.600095
MTA NYCT_Q2,MTA NYCT_8417,40.714787,-73.774883,2025-01-14T19:49:50.600095
MTA NYCT_Q2,MTA NYCT_8654,40.707969,-73.749283,2025-01-14T19:49:50.600095
MTA NYCT_Q2,MTA NYCT_8305,40.712277,-73.727971,2025-01-14T19:49:50.600095
MTA NYCT_Q2,MTA NYCT_8428,40.709748,-73.768707,2025-01-14T19:49:50.600095
MTA NYCT_Q2,MTA NYCT_8542,40.709748,-73.795538,2025-01-14T19:49:50.600095
MTA NYCT_Q2,MTA NYCT_8072,40.713138,-73.728312,2025-01-14T19:49:50.600095
MTA NYCT_Q2,MTA NYCT_8654,40.710613,-73.793244,2025-01-14T20:19:55.970629
MTA NYCT_Q2,MTA NYCT_8072,40.707779,-73.795267,2025-01-14T20:19:55.970629
MTA NYCT_Q2,MTA NYCT_8417,40.709921,-73.769587,2025-01-14T20:19:55.970629
MTA NYCT_Q2,MTA NYCT_8305,40.707,-73.752653,2025-01-14T20:19:55.970629
MTA NYCT_Q2,MTA NYCT_8402,40.707206,-73.751736,2025-01-14T20:19:55.970629
MTA NYCT_Q2,MTA NYCT_8537,40.71208,-73.727198,2025-01-14T20:19:55.970629
MTA NYCT_Q2,MTA NYCT_8542,40.710641,-73.726743,2025-01-14T20:19:55.970629
MTA NYCT_Q2,MTA NYCT_8537,40.711801,-73.789954,2025-01-14T20:50:00.753426
MTA NYCT_Q2,MTA NYCT_8305,40.707815,-73.79529,2025-01-14T20:50:00.753426
MTA NYCT_Q2,MTA NYCT_8402,40.706366,-73.755617,2025-01-14T20:50:00.753426
MTA NYCT_Q2,MTA NYCT_8519,40.708454,-73.74809,2025-01-14T20:50:00.753426
MTA NYCT_Q2,MTA NYCT_8417,40.713138,-73.728312,2025-01-14T20:50:00.753426
MTA NYCT_Q2,MTA NYCT_8072,40.710421,-73.77175,2025-01-14T20:50:00.753426
MTA NYCT_Q2,MTA NYCT_8072,40.713138,-73.728312,2025-01-14T21:20:06.322508
MTA NYCT_Q2,MTA NYCT_8402,40.710613,-73.793244,2025-01-14T21:20:06.322508
MTA NYCT_Q2,MTA NYCT_8305,40.713199,-73.735509,2025-01-14T21:20:06.322508
MTA NYCT_Q2,MTA NYCT_8519,40.709447,-73.76739,2025-01-14T21:20:06.322508
MTA NYCT_Q2,MTA NYCT_8537,40.709542,-73.767654,2025-01-14T21:20:06.322508
MTA NYCT_Q2,MTA NYCT_8417,40.714462,-73.776207,2025-01-14T21:20:06.322508
MTA NYCT_Q2,MTA NYCT_8519,40.710629,-73.793208,2025-01-14T21:50:11.628024
MTA NYCT_Q2,MTA NYCT_8417,40.70747,-73.764809,2025-01-14T21:50:11.628024
MTA NYCT_Q2,MTA NYCT_8072,40.708324,-73.795601,2025-01-14T21:50:11.628024
MTA NYCT_Q2,MTA NYCT_8537,40.706171,-73.75728,2025-01-14T21:50:11.628024
MTA NYCT_Q2,MTA NYCT_8402,40.713138,-73.728312,2025-01-14T21:50:11.628024
MTA NYCT_Q2,MTA NYCT_8537,40.709122,-73.797221,2025-01-14T22:20:18.367412
MTA NYCT_Q2,MTA NYCT_8072,40.707826,-73.749621,2025-01-14T22:20:18.367412
MTA NYCT_Q2,MTA NYCT_8402,40.713941,-73.778496,2025-01-14T22:20:18.367412
MTA NYCT_Q2,MTA NYCT_8645,40.706775,-73.762693,2025-01-15T06:25:48.562647
MTA NYCT_Q2,MTA NYCT_8534,40.712545,-73.784179,2025-01-15T06:25:48.562647
MTA NYCT_Q2,MTA NYCT_8017,40.713032,-73.735916,2025-01-15T06:25:48.562647
MTA NYCT_Q2,MTA NYCT_8839,40.711738,-73.771309,2025-01-15T06:25:48.562647
MTA NYCT_Q2,MTA NYCT_8423,40.712243,-73.731709,2025-01-15T06:25:48.562647
MTA NYCT_Q2,MTA NYCT_8511,40.712612,-73.733183,2025-01-15T06:25:48.562647
MTA NYCT_Q2,MTA NYCT_8295,40.709521,-73.796365,2025-01-15T06:25:48.562647
MTA NYCT_Q2,MTA NYCT_8534,40.713138,-73.728312,2025-01-15T06:55:53.422036
MTA NYCT_Q2,MTA NYCT_8504,40.712955,-73.727628,2025-01-15T06:55:53.422036
MTA NYCT_Q2,MTA NYCT_8642,40.70895,-73.747151,2025-01-15T06:55:53.422036
MTA NYCT_Q2,MTA NYCT_8511,40.706459,-73.755176,2025-01-15T06:55:53.422036
MTA NYCT_Q2,MTA NYCT_8001,40.710409,-73.769379,2025-01-15T06:55:53.422036
MTA NYCT_Q2,MTA NYCT_8423,40.714797,-73.774841,2025-01-15T06:55:53.422036
MTA NYCT_Q2,MTA NYCT_8295,40.709515,-73.768245,2025-01-15T06:55:53.422036
MTA NYCT_Q2,MTA NYCT_8017,40.707927,-73.795751,2025-01-15T06:55:53.422036
MTA NYCT_Q2,MTA NYCT_8645,40.708929,-73.747191,2025-01-15T07:25:59.368818
MTA NYCT_Q2,MTA NYCT_8534,40.713801,-73.772663,2025-01-15T07:25:59.368818
MTA NYCT_Q2,MTA NYCT_8295,40.712609,-73.733172,2025-01-15T07:25:59.368818
MTA NYCT_Q2,MTA NYCT_8417,40.714771,-73.774946,2025-01-15T07:25:59.368818
MTA NYCT_Q2,MTA NYCT_8839,40.707036,-73.76401,2025-01-15T07:25:59.368818
MTA NYCT_Q2,MTA NYCT_8423,40.712121,-73.785935,2025-01-15T07:25:59.368818
MTA NYCT_Q2,MTA NYCT_8017,40.708643,-73.747728,2025-01-15T07:25:59.368818
MTA NYCT_Q2,MTA NYCT_8504,40.713133,-73.781902,2025-01-15T07:25:59.368818
MTA NYCT_Q2,MTA NYCT_8642,40.707919,-73.795774,2025-01-15T07:25:59.368818
MTA NYCT_Q2,MTA NYCT_8017,40.706757,-73.762596,2025-01-15T07:56:08.344886
MTA NYCT_Q2,MTA NYCT_8642,40.706479,-73.760072,2025-01-15T07:56:08.344886
MTA NYCT_Q2,MTA NYCT_8001,40.712888,-73.782798,2025-01-15T07:56:08.344886
MTA NYCT_Q2,MTA NYCT_8417,40.710285,-73.741962,2025-01-15T07:56:08.344886
MTA NYCT_Q2,MTA NYCT_8511,40.713207,-73.781613,2025-01-15T07:56:08.344886
MTA NYCT_Q2,MTA NYCT_8648,40.711171,-73.727328,2025-01-15T07:56:08.344886
MTA NYCT_Q2,MTA NYCT_8833,40.713858,-73.7727,2025-01-15T07:56:08.344886
MTA NYCT_Q2,MTA NYCT_8295,40.71057,-73.793345,2025-01-15T07:56:08.344886
MTA NYCT_Q2,MTA NYCT_8511,40.712955,-73.727628,2025-01-15T08:26:14.157118
MTA NYCT_Q2,MTA NYCT_8648,40.713497,-73.780415,2025-01-15T08:26:14.157118
MTA NYCT_Q2,MTA NYCT_8017,40.707779,-73.795267,2025-01-15T08:26:14.157118
MTA NYCT_Q2,MTA NYCT_8504,40.708717,-73.766094,2025-01-15T08:26:14.157118
MTA NYCT_Q2,MTA NYCT_8001,40.707489,-73.764828,2025-01-15T08:26:14.157118
MTA NYCT_Q2,MTA NYCT_8423,40.709138,-73.766691,2025-01-15T08:26:14.157118
MTA NYCT_Q2,MTA NYCT_8833,40.712306,-73.785197,2025-01-15T08:26:14.157118
MTA NYCT_Q2,MTA NYCT_8645,40.709582,-73.745237,2025-01-15T08:26:14.157118
MTA NYCT_Q2,MTA NYCT_8833,40.713138,-73.728312,2025-01-15T08:56:20.076930
MTA NYCT_Q2,MTA NYCT_8001,40.706451,-73.755212,2025-01-15T08:56:20.076930
MTA NYCT_Q2,MTA NYCT_8017,40.707402,-73.750808,2025-01-15T08:56:20.076930
MTA NYCT_Q2,MTA NYCT_8839,40.712635,-73.783771,2025-01-15T08:56:20.076930
MTA NYCT_Q2,MTA NYCT_8511,40.714747,-73.775039,2025-01-15T08:56:20.076930
MTA NYCT_Q2,MTA NYCT_8417,40.708161,-73.748817,2025-01-15T08:56:20.076930
MTA NYCT_Q2,MTA NYCT_8645,40.707919,-73.795774,2025-01-15T08:56:20.076930
MTA NYCT_Q2,MTA NYCT_8648,40.711657,-73.79039,2025-01-15T08:56:20.076930
MTA NYCT_Q2,MTA NYCT_8833,40.70954,-73.76764,2025-01-15T09:26:26.695912
MTA NYCT_Q2,MTA NYCT_8417,40.707815,-73.79529,2025-01-15T09:26:26.695912
MTA NYCT_Q2,MTA NYCT_8511,40.71246,-73.78456,2025-01-15T09:26:26.695912
MTA NYCT_Q2,MTA NYCT_8648,40.713138,-73.728312,2025-01-15T09:26:26.695912
MTA NYCT_Q2,MTA NYCT_8423,40.715065,-73.773517,2025-01-15T09:26:26.695912
MTA NYCT_Q2,MTA NYCT_8645,40.711197,-73.739075,2025-01-15T09:26:26.695912
MTA NYCT_Q2,MTA NYCT_8417,40.707382,-73.75091,2025-01-15T09:56:32.215287
MTA NYCT_Q2,MTA NYCT_8813,40.710783,-73.792825,2025-01-15T09:56:32.215287
MTA NYCT_Q2,MTA NYCT_8833,40.71181,-73.787201,2025-01-15T09:56:32.215287
MTA NYCT_Q2,MTA NYCT_8648,40.710242,-73.768988,2025-01-15T09:56:32.215287
MTA NYCT_Q2,MTA NYCT_8516,40.70997,-73.743407,2025-01-15T09:56:32.215287
MTA NYCT_Q2,MTA NYCT_8645,40.71115,-73.727341,2025-01-15T09:56:32.215287
MTA NYCT_Q2,MTA NYCT_8722,40.709044,-73.746974,2025-01-15T10:26:37.067913
MTA NYCT_Q2,MTA NYCT_8813,40.707108,-73.752172,2025-01-15T10:26:37.067913
MTA NYCT_Q2,MTA NYCT_8648,40.712225,-73.785526,2025-01-15T10:26:37.067913
MTA NYCT_Q2,MTA NYCT_8529,40.711597,-73.771215,2025-01-15T10:26:37.067913
MTA NYCT_Q2,MTA NYCT_8645,40.71115,-73.727341,2025-01-15T10:26:37.067913
MTA NYCT_Q2,MTA NYCT_8516,40.707933,-73.795736,2025-01-15T10:26:37.067913
MTA NYCT_Q2,MTA NYCT_8722,40.707743,-73.795243,2025-01-15T10:56:41.808993
MTA NYCT_Q2,MTA NYCT_8813,40.70658,-73.75463,2025-01-15T10:56:41.808993
MTA NYCT_Q2,MTA NYCT_8516,40.710732,-73.740504,2025-01-15T10:56:41.808993
MTA NYCT_Q2,MTA NYCT_8529,40.714189,-73.777354,2025-01-15T10:56:41.808993
MTA NYCT_Q2,MTA NYCT_8645,40.711668,-73.790357,2025-01-15T10:56:41.808993
MTA NYCT_Q2,MTA NYCT_8813,40.707815,-73.79529,2025-01-15T11:26:47.943240
MTA NYCT_Q2,MTA NYCT_8648,40.712984,-73.782431,2025-01-15T11:26:47.943240
MTA NYCT_Q2,MTA NYCT_8645,40.714168,-73.777446,2025-01-15T11:26:47.943240
MTA NYCT_Q2,MTA NYCT_8722,40.710249,-73.74209,2025-01-15T11:26:47.943240
MTA NYCT_Q2,MTA NYCT_8516,40.706179,-73.75714,2025-01-15T11:26:47.943240
MTA NYCT_Q2,MTA NYCT_8529,40.71241,-73.727404,2025-01-15T11:26:47.943240
MTA NYCT_Q2,MTA NYCT_8722,40.707214,-73.751701,2025-01-15T11:56:54.622590
MTA NYCT_Q2,MTA NYCT_8529,40.711768,-73.790056,2025-01-15T11:56:54.622590
MTA NYCT_Q2,MTA NYCT_8813,40.706267,-73.756159,2025-01-15T11:56:54.622590
MTA NYCT_Q2,MTA NYCT_8516,40.707815,-73.79529,2025-01-15T11:56:54.622590
MTA NYCT_Q2,MTA NYCT_8648,40.711782,-73.787372,2025-01-15T11:56:54.622590
MTA NYCT_Q2,MTA NYCT_8516,40.710211,-73.742247,2025-01-15T12:27:00.549012
MTA NYCT_Q2,MTA NYCT_8813,40.70723,-73.751627,2025-01-15T12:27:00.549012
MTA NYCT_Q2,MTA NYCT_8645,40.7088,-73.795878,2025-01-15T12:27:00.549012
MTA NYCT_Q2,MTA NYCT_8529,40.713744,-73.779381,2025-01-15T12:27:00.549012
MTA NYCT_Q2,MTA NYCT_8722,40.707919,-73.795774,2025-01-15T12:27:00.549012
MTA NYCT_Q2,MTA NYCT_8722,40.706681,-73.762176,2025-01-15T12:57:05.836630
MTA NYCT_Q2,MTA NYCT_8823,40.713543,-73.780224,2025-01-15T12:57:05.836630
MTA NYCT_Q2,MTA NYCT_8516,40.707061,-73.752383,2025-01-15T12:57:05.836630
MTA NYCT_Q2,MTA NYCT_8645,40.71397,-73.773818,2025-01-15T12:57:05.836630
MTA NYCT_Q2,MTA NYCT_8813,40.707929,-73.795746,2025-01-15T12:57:05.836630
MTA NYCT_Q2,MTA NYCT_8823,40.712555,-73.784137,2025-01-15T13:27:13.027701
MTA NYCT_Q2,MTA NYCT_8413,40.709764,-73.768751,2025-01-15T13:27:13.027701
MTA NYCT_Q2,MTA NYCT_8813,40.706904,-73.753144,2025-01-15T13:27:13.027701
MTA NYCT_Q2,MTA NYCT_8516,40.707929,-73.795746,2025-01-15T13:27:13.027701
MTA NYCT_Q2,MTA NYCT_8079,40.708618,-73.747773,2025-01-15T13:27:13.027701
MTA NYCT_Q2,MTA NYCT_8321,40.708705,-73.766081,2025-01-15T13:57:19.389804
MTA NYCT_Q2,MTA NYCT_8516,40.707692,-73.74993,2025-01-15T13:57:19.389804
MTA NYCT_Q2,MTA NYCT_8413,40.711875,-73.788179,2025-01-15T13:57:19.389804
MTA NYCT_Q2,MTA NYCT_8079,40.707927,-73.795751,2025-01-15T13:57:19.389804
MTA NYCT_Q2,MTA NYCT_8079,40.706728,-73.762436,2025-01-15T14:27:25.392783
MTA NYCT_Q2,MTA NYCT_8823,40.714771,-73.774946,2025-01-15T14:27:25.392783
MTA NYCT_Q2,MTA NYCT_8516,40.706162,-73.757592,2025-01-15T14:27:25.392783
MTA NYCT_Q2,MTA NYCT_8321,40.707927,-73.795751,2025-01-15T14:27:25.392783
MTA NYCT_Q2,MTA NYCT_8663,40.714557,-73.775843,2025-01-15T14:27:25.392783
MTA NYCT_Q2,MTA NYCT_8663,40.713138,-73.728312,2025-01-15T14:57:31.654614
MTA NYCT_Q2,MTA NYCT_8729,40.710692,-73.770473,2025-01-15T14:57:31.654614
MTA NYCT_Q2,MTA NYCT_8645,40.710994,-73.739778,2025-01-15T14:57:31.655141
MTA NYCT_Q2,MTA NYCT_8079,40.707357,-73.751034,2025-01-15T14:57:31.655141
MTA NYCT_Q2,MTA NYCT_8321,40.711682,-73.737466,2025-01-15T14:57:31.655141
MTA NYCT_Q2,MTA NYCT_8823,40.712831,-73.783012,2025-01-15T14:57:31.655141
MTA NYCT_Q2,MTA NYCT_8407,40.714856,-73.77461,2025-01-15T14:57:31.655141
MTA NYCT_Q2,MTA NYCT_8294,40.707394,-73.750851,2025-01-15T15:27:37.857481
MTA NYCT_Q2,MTA NYCT_8663,40.71231,-73.785183,2025-01-15T15:27:37.857481
MTA NYCT_Q2,MTA NYCT_8413,40.712594,-73.733111,2025-01-15T15:27:37.857481
MTA NYCT_Q2,MTA NYCT_8729,40.710671,-73.793105,2025-01-15T15:27:37.857481
MTA NYCT_Q2,MTA NYCT_8321,40.707296,-73.764579,2025-01-15T15:27:37.857481
MTA NYCT_Q2,MTA NYCT_8079,40.707927,-73.795751,2025-01-15T15:27:37.857481
MTA NYCT_Q2,MTA NYCT_8722,40.714888,-73.774483,2025-01-15T15:27:37.857481
MTA NYCT_Q2,MTA NYCT_8823,40.711451,-73.728937,2025-01-15T15:27:37.857481
MTA NYCT_Q2,MTA NYCT_8407,40.713138,-73.728312,2025-01-15T15:27:37.857481
MTA NYCT_Q2,MTA NYCT_8663,40.712555,-73.784137,2025-01-15T15:57:43.352263
MTA NYCT_Q2,MTA NYCT_8524,40.707394,-73.750851,2025-01-15T15:57:43.352263
MTA NYCT_Q2,MTA NYCT_8321,40.707851,-73.795314,2025-01-15T15:57:43.352263
MTA NYCT_Q2,MTA NYCT_8294,40.713138,-73.728312,2025-01-15T15:57:43.352263
MTA NYCT_Q2,MTA NYCT_8407,40.714099,-73.777757,2025-01-15T15:57:43.352263
MTA NYCT_Q2,MTA NYCT_8413,40.706802,-73.753611,2025-01-15T15:57:43.352263
MTA NYCT_Q2,MTA NYCT_8079,40.710184,-73.771213,2025-01-15T15:57:43.352263
MTA NYCT_Q2,MTA NYCT_8729,40.711141,-73.728127,2025-01-15T15:57:43.352263
MTA NYCT_Q2,MTA NYCT_8294,40.713518,-73.780328,2025-01-15T16:27:48.913289
MTA NYCT_Q2,MTA NYCT_8426,40.707449,-73.764786,2025-01-15T16:27:48.913289
MTA NYCT_Q2,MTA NYCT_8321,40.712642,-73.736118,2025-01-15T16:27:48.913289
MTA NYCT_Q2,MTA NYCT_8729,40.707296,-73.764579,2025-01-15T16:27:48.913289
MTA NYCT_Q2,MTA NYCT_8524,40.712761,-73.733791,2025-01-15T16:27:48.913289
MTA NYCT_Q2,MTA NYCT_8722,40.707927,-73.795751,2025-01-15T16:27:48.913289
MTA NYCT_Q2,MTA NYCT_8640,40.709408,-73.767292,2025-01-15T16:57:54.276866
MTA NYCT_Q2,MTA NYCT_8002,40.709529,-73.767605,2025-01-15T16:57:54.276866
MTA NYCT_Q2,MTA NYCT_8729,40.707833,-73.795302,2025-01-15T16:57:54.276866
MTA NYCT_Q2,MTA NYCT_8294,40.71243,-73.784686,2025-01-15T16:57:54.276866
MTA NYCT_Q2,MTA NYCT_8524,40.711352,-73.791267,2025-01-15T16:57:54.276866
MTA NYCT_Q2,MTA NYCT_8722,40.708462,-73.74807,2025-01-15T16:57:54.276866
MTA NYCT_Q2,MTA NYCT_8426,40.712659,-73.733373,2025-01-15T16:57:54.276866
MTA NYCT_Q2,MTA NYCT_8002,40.708569,-73.796873,2025-01-15T17:28:00.203813
MTA NYCT_Q2,MTA NYCT_8524,40.71111,-73.772001,2025-01-15T17:28:00.203813
MTA NYCT_Q2,MTA NYCT_8729,40.707429,-73.750676,2025-01-15T17:28:00.203813
MTA NYCT_Q2,MTA NYCT_8321,40.709254,-73.766933,2025-01-15T17:28:00.203813
MTA NYCT_Q2,MTA NYCT_8502,40.706834,-73.753465,2025-01-15T17:28:00.203813
MTA NYCT_Q2,MTA NYCT_8828,40.707785,-73.796138,2025-01-15T17:28:00.203813
MTA NYCT_Q2,MTA NYCT_8640,40.713138,-73.728312,2025-01-15T17:28:00.203813
MTA NYCT_Q2,MTA NYCT_8407,40.707927,-73.795751,2025-01-15T17:28:00.203813
MTA NYCT_Q2,MTA NYCT_8426,40.709616,-73.796017,2025-01-15T17:28:00.203813
MTA NYCT_Q2,MTA NYCT_8640,40.70954,-73.76764,2025-01-15T17:58:06.805104
MTA NYCT_Q2,MTA NYCT_8407,40.707402,-73.750808,2025-01-15T17:58:06.805104
MTA NYCT_Q2,MTA NYCT_8426,40.714183,-73.773956,2025-01-15T17:58:06.805104
MTA NYCT_Q2,MTA NYCT_8002,40.7069,-73.753164,2025-01-15T17:58:06.805104
MTA NYCT_Q2,MTA NYCT_8502,40.709677,-73.795798,2025-01-15T17:58:06.805104
MTA NYCT_Q2,MTA NYCT_8502,40.713138,-73.728312,2025-01-15T18:28:12.620316
MTA NYCT_Q2,MTA NYCT_8307,40.712401,-73.771752,2025-01-15T18:28:12.620316
MTA NYCT_Q2,MTA NYCT_8301,40.713262,-73.73575,2025-01-15T18:28:12.620316
MTA NYCT_Q2,MTA NYCT_8518,40.71111,-73.772001,2025-01-15T18:28:12.620316
MTA NYCT_Q2,MTA NYCT_8828,40.712375,-73.73222,2025-01-15T18:28:12.620316
MTA NYCT_Q2,MTA NYCT_8640,40.709777,-73.795445,2025-01-15T18:28:12.620316
MTA NYCT_Q2,MTA NYCT_8025,40.711777,-73.787508,2025-01-15T18:28:12.620316
MTA NYCT_Q2,MTA NYCT_8426,40.713138,-73.728312,2025-01-15T18:58:18.519540
MTA NYCT_Q2,MTA NYCT_8301,40.707779,-73.795267,2025-01-15T18:58:18.519540
MTA NYCT_Q2,MTA NYCT_8407,40.709921,-73.769587,2025-01-15T18:58:18.519540
MTA NYCT_Q2,MTA NYCT_8025,40.708891,-73.766285,2025-01-15T18:58:18.519540
MTA NYCT_Q2,MTA NYCT_8307,40.710402,-73.793751,2025-01-15T18:58:18.519540
MTA NYCT_Q2,MTA NYCT_8828,40.71228,-73.731844,2025-01-15T18:58:18.519540
MTA NYCT_Q2,MTA NYCT_8502,40.707206,-73.751737,2025-01-15T18:58:18.519540
MTA NYCT_Q2,MTA NYCT_8307,40.713138,-73.728312,2025-01-15T19:28:24.548068
MTA NYCT_Q2,MTA NYCT_8301,40.70669,-73.762225,2025-01-15T19:28:24.548068
MTA NYCT_Q2,MTA NYCT_8426,40.712782,-73.736045,2025-01-15T19:28:24.548068
MTA NYCT_Q2,MTA NYCT_8518,40.713817,-73.779069,2025-01-15T19:28:24.548068
MTA NYCT_Q2,MTA NYCT_8502,40.707835,-73.796002,2025-01-15T19:28:24.548068
MTA NYCT_Q2,MTA NYCT_8828,40.707927,-73.795751,2025-01-15T19:28:24.548068
MTA NYCT_Q2,MTA NYCT_8025,40.711967,-73.730686,2025-01-15T19:28:24.548068
MTA NYCT_Q2,MTA NYCT_8517,40.708966,-73.797124,2025-01-15T19:58:30.694075
MTA NYCT_Q2,MTA NYCT_8025,40.707851,-73.795314,2025-01-15T19:58:30.694075
MTA NYCT_Q2,MTA NYCT_8307,40.712871,-73.772063,2025-01-15T19:58:30.694075
MTA NYCT_Q2,MTA NYCT_8301,40.710532,-73.741129,2025-01-15T19:58:30.694075
MTA NYCT_Q2,MTA NYCT_8518,40.711145,-73.727343,2025-01-15T19:58:30.694075
MTA NYCT_Q2,MTA NYCT_8828,40.711134,-73.739279,2025-01-15T19:58:30.694075
MTA NYCT_Q2,MTA NYCT_8518,40.712682,-73.771939,2025-01-15T20:28:36.096049
MTA NYCT_Q2,MTA NYCT_8412,40.709057,-73.797181,2025-01-15T20:28:36.096049
MTA NYCT_Q2,MTA NYCT_8301,40.707815,-73.79529,2025-01-15T20:28:36.096049
MTA NYCT_Q2,MTA NYCT_8828,40.712498,-73.732728,2025-01-15T20:28:36.096049
MTA NYCT_Q2,MTA NYCT_8307,40.711529,-73.772176,2025-01-15T20:28:36.096049
MTA NYCT_Q2,MTA NYCT_8025,40.706645,-73.761978,2025-01-15T20:28:36.096049
MTA NYCT_Q2,MTA NYCT_8517,40.710435,-73.726538,2025-01-15T20:28:36.096049
MTA NYCT_Q2,MTA NYCT_8412,40.711675,-73.729582,2025-01-15T20:58:41.926375
MTA NYCT_Q2,MTA NYCT_8301,40.709457,-73.74583,2025-01-15T20:58:41.926375
MTA NYCT_Q2,MTA NYCT_8517,40.714923,-73.773421,2025-01-15T20:58:41.926375
MTA NYCT_Q2,MTA NYCT_8025,40.711116,-73.727362,2025-01-15T20:58:41.926375
MTA NYCT_Q2,MTA NYCT_8828,40.707929,-73.795746,2025-01-15T20:58:41.926375
MTA NYCT_Q2,MTA NYCT_8518,40.712797,-73.783138,2025-01-15T20:58:41.926375
MTA NYCT_Q2,MTA NYCT_8025,40.707743,-73.795243,2025-01-15T21:28:47.591131
MTA NYCT_Q2,MTA NYCT_8412,40.712259,-73.785388,2025-01-15T21:28:47.591131
MTA NYCT_Q2,MTA NYCT_8301,40.710186,-73.742366,2025-01-15T21:28:47.591131
MTA NYCT_Q2,MTA NYCT_8828,40.712615,-73.733197,2025-01-15T21:28:47.591131
MTA NYCT_Q2,MTA NYCT_8517,40.712834,-73.783003,2025-01-15T21:28:47.591131
MTA NYCT_Q2,MTA NYCT_8412,40.709552,-73.767771,2025-01-15T21:58:52.432984
MTA NYCT_Q2,MTA NYCT_8025,40.712832,-73.736019,2025-01-15T21:58:52.432984
MTA NYCT_Q2,MTA NYCT_8301,40.707947,-73.796458,2025-01-15T21:58:52.432984
MTA NYCT_Q2,MTA NYCT_8828,40.714734,-73.773293,2025-01-15T21:58:52.432984
